CustomerID,Quantity,UnitPrice,order_timestamp,TotalPurchase
277,1,89.64,2026-01-23 06:53:41.988198687+00:00,89.64
277,3,70.29,2026-01-23 06:54:46.988198687+00:00,210.87
277,4,20.18,2026-01-23 06:55:08.988198687+00:00,80.72
277,1,72.3,2026-01-23 06:55:36.988198687+00:00,72.3
277,1,61.72,2026-01-23 06:56:48.988198687+00:00,61.72
277,3,77.61,2026-01-23 06:57:26.988198687+00:00,232.82999999999998
277,2,70.81,2026-01-23 06:58:00.988198687+00:00,141.62
277,4,48.9,2026-01-23 06:59:22.988198687+00:00,195.6
277,3,49.48,2026-01-23 07:00:21.988198687+00:00,148.44
277,4,44.31,2026-01-23 07:00:53.988198687+00:00,177.24
277,1,65.23,2026-01-23 07:02:04.988198687+00:00,65.23
277,4,12.87,2026-01-23 07:03:31.988198687+00:00,51.48
94,4,65.29,2026-01-22 18:45:32.250395513+00:00,261.16
157,2,26.44,2026-01-22 23:57:52.219709409+00:00,52.88
157,3,35.89,2026-01-22 23:58:27.219709409+00:00,107.67
157,2,58.13,2026-01-22 23:59:25.219709409+00:00,116.26
157,3,38.31,2026-01-23 00:00:00.219709409+00:00,114.93
334,4,50.64,2026-01-22 10:41:27.434461878+00:00,202.56
334,4,69.58,2026-01-22 10:42:53.434461878+00:00,278.32
334,2,17.26,2026-01-22 10:44:30.434461878+00:00,34.52
334,3,56.14,2026-01-22 10:45:54.434461878+00:00,168.42000000000002
270,1,14.03,2026-01-23 00:23:20.546959329+00:00,14.03
270,4,34.44,2026-01-23 00:24:12.546959329+00:00,137.76
270,1,25.82,2026-01-23 00:25:29.546959329+00:00,25.82
270,1,21.9,2026-01-23 00:26:31.546959329+00:00,21.9
270,4,60.71,2026-01-23 00:27:45.546959329+00:00,242.84
270,1,42.23,2026-01-23 00:28:05.546959329+00:00,42.23
270,4,27.52,2026-01-23 00:29:21.546959329+00:00,110.08
270,2,72.4,2026-01-23 00:29:58.546959329+00:00,144.8
263,3,17.06,2026-01-22 15:15:52.504203182+00:00,51.17999999999999
263,2,64.58,2026-01-22 15:17:02.504203182+00:00,129.16
263,4,89.79,2026-01-22 15:17:44.504203182+00:00,359.16
263,1,83.28,2026-01-22 15:18:22.504203182+00:00,83.28
263,1,59.12,2026-01-22 15:19:57.504203182+00:00,59.12
263,2,71.62,2026-01-22 15:21:22.504203182+00:00,143.24
263,2,64.12,2026-01-22 15:21:42.504203182+00:00,128.24
263,2,49.87,2026-01-22 15:23:09.504203182+00:00,99.74
263,3,22.93,2026-01-22 15:23:43.504203182+00:00,68.78999999999999
74,2,67.72,2026-01-22 09:49:04.824925482+00:00,135.44
74,2,51.0,2026-01-22 09:49:42.824925482+00:00,102.0
74,2,93.86,2026-01-22 09:51:03.824925482+00:00,187.72
74,4,30.68,2026-01-22 09:51:39.824925482+00:00,122.72
74,4,37.28,2026-01-22 09:52:51.824925482+00:00,149.12
74,4,82.17,2026-01-22 09:54:28.824925482+00:00,328.68
74,1,25.42,2026-01-22 09:56:01.824925482+00:00,25.42
74,2,31.11,2026-01-22 09:56:30.824925482+00:00,62.22
74,1,75.12,2026-01-22 09:57:08.824925482+00:00,75.12
74,4,91.31,2026-01-22 09:57:47.824925482+00:00,365.24
74,1,30.58,2026-01-22 09:58:34.824925482+00:00,30.58
74,1,92.24,2026-01-22 09:59:05.824925482+00:00,92.24
328,2,97.88,2026-01-22 16:39:49.288852011+00:00,195.76
328,3,47.66,2026-01-22 16:41:00.288852011+00:00,142.98
328,4,96.99,2026-01-22 16:42:21.288852011+00:00,387.96
328,3,10.94,2026-01-22 16:43:42.288852011+00:00,32.82
328,2,84.99,2026-01-22 16:44:46.288852011+00:00,169.98
328,2,70.32,2026-01-22 16:45:06.288852011+00:00,140.64
328,3,47.9,2026-01-22 16:46:38.288852011+00:00,143.7
328,1,70.11,2026-01-22 16:47:21.288852011+00:00,70.11
328,2,9.83,2026-01-22 16:48:31.288852011+00:00,19.66
328,1,15.55,2026-01-22 16:50:01.288852011+00:00,15.55
273,2,16.37,2026-01-22 10:21:34.084968256+00:00,32.74
273,2,44.91,2026-01-22 10:22:28.084968256+00:00,89.82
273,1,8.0,2026-01-22 10:23:50.084968256+00:00,8.0
273,2,92.54,2026-01-22 10:24:29.084968256+00:00,185.08
273,1,36.73,2026-01-22 10:25:01.084968256+00:00,36.73
273,1,92.72,2026-01-22 10:26:08.084968256+00:00,92.72
273,4,20.92,2026-01-22 10:26:28.084968256+00:00,83.68
273,3,37.76,2026-01-22 10:27:47.084968256+00:00,113.28
273,2,99.9,2026-01-22 10:28:43.084968256+00:00,199.8
273,3,97.97,2026-01-22 10:29:35.084968256+00:00,293.90999999999997
273,1,58.75,2026-01-22 10:30:12.084968256+00:00,58.75
273,3,34.14,2026-01-22 10:30:58.084968256+00:00,102.42
273,2,68.27,2026-01-22 10:31:20.084968256+00:00,136.54
53,4,62.44,2026-01-23 04:27:52.082934249+00:00,249.76
53,1,28.0,2026-01-23 04:29:16.082934249+00:00,28.0
53,1,52.66,2026-01-23 04:30:35.082934249+00:00,52.66
53,1,33.71,2026-01-23 04:30:58.082934249+00:00,33.71
53,1,42.47,2026-01-23 04:32:02.082934249+00:00,42.47
53,2,9.95,2026-01-23 04:32:41.082934249+00:00,19.9
53,4,31.68,2026-01-23 04:34:09.082934249+00:00,126.72
53,1,63.71,2026-01-23 04:35:45.082934249+00:00,63.71
53,2,14.54,2026-01-23 04:36:23.082934249+00:00,29.08
53,1,55.92,2026-01-23 04:36:58.082934249+00:00,55.92
53,2,73.33,2026-01-23 04:37:31.082934249+00:00,146.66
53,4,10.13,2026-01-23 04:38:18.082934249+00:00,40.52
53,2,28.62,2026-01-23 04:39:51.082934249+00:00,57.24
53,3,77.65,2026-01-23 04:40:43.082934249+00:00,232.95000000000002
125,4,76.92,2026-01-22 07:49:05.537709744+00:00,307.68
125,2,39.67,2026-01-22 07:49:46.537709744+00:00,79.34
125,4,15.53,2026-01-22 07:51:21.537709744+00:00,62.12
125,4,64.02,2026-01-22 07:52:57.537709744+00:00,256.08
125,1,39.74,2026-01-22 07:53:32.537709744+00:00,39.74
125,1,46.51,2026-01-22 07:54:55.537709744+00:00,46.51
125,1,18.29,2026-01-22 07:55:47.537709744+00:00,18.29
125,1,69.64,2026-01-22 07:57:01.537709744+00:00,69.64
125,3,23.08,2026-01-22 07:58:27.537709744+00:00,69.24
125,1,57.08,2026-01-22 07:59:24.537709744+00:00,57.08
125,3,74.09,2026-01-22 08:00:33.537709744+00:00,222.27
150,3,66.3,2026-01-23 05:16:08.040226926+00:00,198.89999999999998
150,4,29.75,2026-01-23 05:17:34.040226926+00:00,119.0
150,1,42.22,2026-01-23 05:19:01.040226926+00:00,42.22
150,2,33.78,2026-01-23 05:19:51.040226926+00:00,67.56
150,2,12.79,2026-01-23 05:20:33.040226926+00:00,25.58
242,4,97.61,2026-01-22 11:10:25.429633411+00:00,390.44
242,2,15.46,2026-01-22 11:11:25.429633411+00:00,30.92
242,4,74.29,2026-01-22 11:12:52.429633411+00:00,297.16
242,1,55.3,2026-01-22 11:14:28.429633411+00:00,55.3
242,3,34.56,2026-01-22 11:15:23.429633411+00:00,103.68
242,2,21.5,2026-01-22 11:16:06.429633411+00:00,43.0
242,1,48.26,2026-01-22 11:16:27.429633411+00:00,48.26
242,1,7.49,2026-01-22 11:17:11.429633411+00:00,7.49
242,1,80.3,2026-01-22 11:17:44.429633411+00:00,80.3
242,4,30.46,2026-01-22 11:18:28.429633411+00:00,121.84
242,1,39.87,2026-01-22 11:19:57.429633411+00:00,39.87
242,2,41.72,2026-01-22 11:21:35.429633411+00:00,83.44
242,2,11.94,2026-01-22 11:23:05.429633411+00:00,23.88
187,1,16.68,2026-01-22 20:33:53.649286628+00:00,16.68
187,2,80.83,2026-01-22 20:34:14.649286628+00:00,161.66
187,1,38.14,2026-01-22 20:35:12.649286628+00:00,38.14
187,3,30.98,2026-01-22 20:36:13.649286628+00:00,92.94
187,1,49.32,2026-01-22 20:37:34.649286628+00:00,49.32
187,4,89.05,2026-01-22 20:37:57.649286628+00:00,356.2
187,4,92.13,2026-01-22 20:39:12.649286628+00:00,368.52
187,1,50.61,2026-01-22 20:40:32.649286628+00:00,50.61
187,1,70.0,2026-01-22 20:41:39.649286628+00:00,70.0
187,3,63.48,2026-01-22 20:42:42.649286628+00:00,190.44
187,3,6.48,2026-01-22 20:43:42.649286628+00:00,19.44
187,4,72.53,2026-01-22 20:44:03.649286628+00:00,290.12
187,1,71.21,2026-01-22 20:45:17.649286628+00:00,71.21
240,3,22.11,2026-01-22 12:43:14.027511237+00:00,66.33
240,1,10.75,2026-01-22 12:43:46.027511237+00:00,10.75
240,2,76.71,2026-01-22 12:45:24.027511237+00:00,153.42
240,3,52.15,2026-01-22 12:45:57.027511237+00:00,156.45
34,4,49.75,2026-01-22 16:25:05.221093839+00:00,199.0
34,4,41.34,2026-01-22 16:25:29.221093839+00:00,165.36
34,3,57.47,2026-01-22 16:26:36.221093839+00:00,172.41
34,4,45.76,2026-01-22 16:27:30.221093839+00:00,183.04
34,1,54.03,2026-01-22 16:28:54.221093839+00:00,54.03
34,4,11.6,2026-01-22 16:30:31.221093839+00:00,46.4
34,1,55.95,2026-01-22 16:30:58.221093839+00:00,55.95
34,3,86.71,2026-01-22 16:31:41.221093839+00:00,260.13
42,2,73.68,2026-01-22 09:16:16.519471043+00:00,147.36
258,4,85.6,2026-01-22 16:49:43.857922173+00:00,342.4
258,4,36.86,2026-01-22 16:50:31.857922173+00:00,147.44
258,1,42.39,2026-01-22 16:51:27.857922173+00:00,42.39
258,2,10.77,2026-01-22 16:52:48.857922173+00:00,21.54
258,2,95.65,2026-01-22 16:54:06.857922173+00:00,191.3
258,1,31.05,2026-01-22 16:55:07.857922173+00:00,31.05
258,1,99.83,2026-01-22 16:55:32.857922173+00:00,99.83
258,4,29.99,2026-01-22 16:56:42.857922173+00:00,119.96
258,4,66.6,2026-01-22 16:57:50.857922173+00:00,266.4
258,1,16.18,2026-01-22 16:58:41.857922173+00:00,16.18
258,1,65.74,2026-01-22 16:59:25.857922173+00:00,65.74
258,3,97.78,2026-01-22 16:59:55.857922173+00:00,293.34000000000003
258,4,41.78,2026-01-22 17:01:00.857922173+00:00,167.12
279,1,30.25,2026-01-23 01:55:34.409607454+00:00,30.25
212,3,53.27,2026-01-22 13:11:39.358646339+00:00,159.81
160,3,47.74,2026-01-23 00:45:48.590783233+00:00,143.22
160,1,48.71,2026-01-23 00:46:10.590783233+00:00,48.71
160,3,43.84,2026-01-23 00:47:38.590783233+00:00,131.52
160,1,6.98,2026-01-23 00:49:12.590783233+00:00,6.98
160,1,89.8,2026-01-23 00:50:20.590783233+00:00,89.8
160,2,58.9,2026-01-23 00:51:49.590783233+00:00,117.8
160,1,61.86,2026-01-23 00:52:30.590783233+00:00,61.86
160,3,31.33,2026-01-23 00:53:42.590783233+00:00,93.99
160,3,67.38,2026-01-23 00:54:04.590783233+00:00,202.14
160,1,18.98,2026-01-23 00:55:20.590783233+00:00,18.98
160,2,21.6,2026-01-23 00:56:31.590783233+00:00,43.2
316,1,19.0,2026-01-22 15:29:41.140187252+00:00,19.0
316,4,20.39,2026-01-22 15:31:12.140187252+00:00,81.56
316,3,40.12,2026-01-22 15:32:47.140187252+00:00,120.35999999999999
282,2,97.39,2026-01-22 21:01:29.715272087+00:00,194.78
299,4,70.34,2026-01-22 15:22:00.860555715+00:00,281.36
299,2,82.85,2026-01-22 15:22:28.860555715+00:00,165.7
299,3,59.12,2026-01-22 15:23:51.860555715+00:00,177.35999999999999
299,1,10.26,2026-01-22 15:25:12.860555715+00:00,10.26
299,3,26.21,2026-01-22 15:25:54.860555715+00:00,78.63
15,3,32.79,2026-01-23 06:52:45.496904705+00:00,98.37
15,3,20.28,2026-01-23 06:54:05.496904705+00:00,60.84
15,1,43.87,2026-01-23 06:54:33.496904705+00:00,43.87
15,2,11.92,2026-01-23 06:56:11.496904705+00:00,23.84
15,4,50.7,2026-01-23 06:56:56.496904705+00:00,202.8
15,1,11.25,2026-01-23 06:57:45.496904705+00:00,11.25
15,2,25.88,2026-01-23 06:59:20.496904705+00:00,51.76
15,1,56.28,2026-01-23 06:59:42.496904705+00:00,56.28
15,2,16.55,2026-01-23 07:01:15.496904705+00:00,33.1
15,4,29.23,2026-01-23 07:02:31.496904705+00:00,116.92
15,2,75.77,2026-01-23 07:04:01.496904705+00:00,151.54
393,1,38.35,2026-01-22 09:48:34.827879168+00:00,38.35
393,1,15.63,2026-01-22 09:49:25.827879168+00:00,15.63
392,4,29.76,2026-01-23 04:44:05.432704829+00:00,119.04
392,2,41.18,2026-01-23 04:44:29.432704829+00:00,82.36
392,3,8.16,2026-01-23 04:45:39.432704829+00:00,24.48
392,3,35.77,2026-01-23 04:46:25.432704829+00:00,107.31
392,4,74.73,2026-01-23 04:47:34.432704829+00:00,298.92
392,3,38.36,2026-01-23 04:49:05.432704829+00:00,115.08
392,1,97.89,2026-01-23 04:50:07.432704829+00:00,97.89
392,2,87.5,2026-01-23 04:51:40.432704829+00:00,175.0
392,1,54.83,2026-01-23 04:52:33.432704829+00:00,54.83
392,3,56.5,2026-01-23 04:53:32.432704829+00:00,169.5
392,2,40.11,2026-01-23 04:54:59.432704829+00:00,80.22
246,2,5.92,2026-01-22 17:35:52.334569076+00:00,11.84
246,1,22.51,2026-01-22 17:36:22.334569076+00:00,22.51
246,4,39.02,2026-01-22 17:36:49.334569076+00:00,156.08
246,3,45.15,2026-01-22 17:37:27.334569076+00:00,135.45
246,4,6.22,2026-01-22 17:38:12.334569076+00:00,24.88
246,2,94.28,2026-01-22 17:38:50.334569076+00:00,188.56
246,2,67.98,2026-01-22 17:40:25.334569076+00:00,135.96
246,3,57.8,2026-01-22 17:41:10.334569076+00:00,173.39999999999998
246,2,95.53,2026-01-22 17:42:13.334569076+00:00,191.06
246,2,94.79,2026-01-22 17:43:41.334569076+00:00,189.58
246,2,92.7,2026-01-22 17:44:12.334569076+00:00,185.4
246,4,31.6,2026-01-22 17:44:39.334569076+00:00,126.4
246,2,96.58,2026-01-22 17:45:36.334569076+00:00,193.16
296,1,93.5,2026-01-22 23:58:44.446761686+00:00,93.5
296,1,99.93,2026-01-23 00:00:17.446761686+00:00,99.93
296,3,36.32,2026-01-23 00:01:39.446761686+00:00,108.96000000000001
296,2,28.37,2026-01-23 00:02:39.446761686+00:00,56.74
296,1,12.66,2026-01-23 00:03:00.446761686+00:00,12.66
296,1,86.27,2026-01-23 00:04:36.446761686+00:00,86.27
296,4,20.7,2026-01-23 00:05:51.446761686+00:00,82.8
296,1,97.38,2026-01-23 00:06:33.446761686+00:00,97.38
361,2,41.21,2026-01-22 16:52:44.315548249+00:00,82.42
361,3,93.53,2026-01-22 16:53:56.315548249+00:00,280.59000000000003
361,4,18.36,2026-01-22 16:55:08.315548249+00:00,73.44
361,3,13.3,2026-01-22 16:55:49.315548249+00:00,39.900000000000006
361,2,97.55,2026-01-22 16:57:09.315548249+00:00,195.1
361,3,56.73,2026-01-22 16:58:20.315548249+00:00,170.19
361,1,46.54,2026-01-22 16:59:33.315548249+00:00,46.54
361,1,90.67,2026-01-22 17:00:26.315548249+00:00,90.67
361,4,16.45,2026-01-22 17:01:22.315548249+00:00,65.8
361,2,91.28,2026-01-22 17:01:44.315548249+00:00,182.56
361,2,90.92,2026-01-22 17:02:19.315548249+00:00,181.84
286,2,8.66,2026-01-22 13:28:23.913210821+00:00,17.32
286,2,95.16,2026-01-22 13:29:03.913210821+00:00,190.32
286,2,78.9,2026-01-22 13:29:55.913210821+00:00,157.8
286,3,67.86,2026-01-22 13:30:45.913210821+00:00,203.57999999999998
286,4,67.62,2026-01-22 13:31:50.913210821+00:00,270.48
286,2,32.13,2026-01-22 13:32:19.913210821+00:00,64.26
286,2,87.2,2026-01-22 13:33:21.913210821+00:00,174.4
286,1,36.19,2026-01-22 13:33:57.913210821+00:00,36.19
286,4,7.26,2026-01-22 13:35:10.913210821+00:00,29.04
286,1,56.16,2026-01-22 13:35:41.913210821+00:00,56.16
286,1,95.55,2026-01-22 13:36:19.913210821+00:00,95.55
286,1,64.29,2026-01-22 13:36:57.913210821+00:00,64.29
286,1,21.13,2026-01-22 13:37:30.913210821+00:00,21.13
184,2,7.89,2026-01-22 16:15:54.550965983+00:00,15.78
184,1,12.98,2026-01-22 16:17:11.550965983+00:00,12.98
184,1,22.79,2026-01-22 16:18:01.550965983+00:00,22.79
184,3,5.17,2026-01-22 16:18:40.550965983+00:00,15.51
184,1,24.53,2026-01-22 16:20:08.550965983+00:00,24.53
184,1,86.04,2026-01-22 16:20:36.550965983+00:00,86.04
54,2,87.08,2026-01-22 14:32:37.440698009+00:00,174.16
54,3,10.42,2026-01-22 14:33:19.440698009+00:00,31.259999999999998
54,2,9.25,2026-01-22 14:33:59.440698009+00:00,18.5
54,2,86.48,2026-01-22 14:34:31.440698009+00:00,172.96
54,3,43.71,2026-01-22 14:34:56.440698009+00:00,131.13
54,4,9.23,2026-01-22 14:35:58.440698009+00:00,36.92
54,4,55.41,2026-01-22 14:36:40.440698009+00:00,221.64
54,2,31.52,2026-01-22 14:37:46.440698009+00:00,63.04
54,3,75.7,2026-01-22 14:38:11.440698009+00:00,227.10000000000002
54,3,22.07,2026-01-22 14:39:25.440698009+00:00,66.21000000000001
54,3,79.99,2026-01-22 14:40:50.440698009+00:00,239.96999999999997
54,1,11.41,2026-01-22 14:41:14.440698009+00:00,11.41
54,3,40.89,2026-01-22 14:41:34.440698009+00:00,122.67
54,4,19.46,2026-01-22 14:42:44.440698009+00:00,77.84
52,4,21.48,2026-01-22 12:17:06.793995266+00:00,85.92
52,1,54.67,2026-01-22 12:18:42.793995266+00:00,54.67
52,1,50.26,2026-01-22 12:19:50.793995266+00:00,50.26
52,1,10.02,2026-01-22 12:21:14.793995266+00:00,10.02
52,1,5.86,2026-01-22 12:22:50.793995266+00:00,5.86
52,1,56.68,2026-01-22 12:23:40.793995266+00:00,56.68
52,3,18.09,2026-01-22 12:24:38.793995266+00:00,54.269999999999996
345,1,91.08,2026-01-22 16:57:48.856425057+00:00,91.08
345,4,23.65,2026-01-22 16:58:29.856425057+00:00,94.6
345,2,49.81,2026-01-22 16:59:16.856425057+00:00,99.62
345,4,70.95,2026-01-22 17:00:15.856425057+00:00,283.8
345,4,69.24,2026-01-22 17:01:01.856425057+00:00,276.96
293,1,16.69,2026-01-23 02:02:32.848371592+00:00,16.69
293,4,85.68,2026-01-23 02:03:06.848371592+00:00,342.72
293,4,69.47,2026-01-23 02:04:10.848371592+00:00,277.88
293,3,87.61,2026-01-23 02:05:16.848371592+00:00,262.83
293,4,84.31,2026-01-23 02:05:39.848371592+00:00,337.24
293,3,64.99,2026-01-23 02:06:52.848371592+00:00,194.96999999999997
293,3,33.7,2026-01-23 02:07:30.848371592+00:00,101.10000000000001
293,4,23.27,2026-01-23 02:08:26.848371592+00:00,93.08
293,4,9.7,2026-01-23 02:09:58.848371592+00:00,38.8
293,3,66.4,2026-01-23 02:11:35.848371592+00:00,199.20000000000002
293,1,90.31,2026-01-23 02:12:59.848371592+00:00,90.31
293,2,88.18,2026-01-23 02:13:59.848371592+00:00,176.36
293,2,73.42,2026-01-23 02:14:28.848371592+00:00,146.84
293,1,27.72,2026-01-23 02:14:51.848371592+00:00,27.72
216,3,14.93,2026-01-22 09:07:20.160773195+00:00,44.79
216,4,94.83,2026-01-22 09:08:40.160773195+00:00,379.32
216,4,48.46,2026-01-22 09:10:03.160773195+00:00,193.84
216,3,63.35,2026-01-22 09:11:36.160773195+00:00,190.05
216,4,27.59,2026-01-22 09:13:12.160773195+00:00,110.36
216,4,41.56,2026-01-22 09:13:54.160773195+00:00,166.24
216,4,55.44,2026-01-22 09:15:25.160773195+00:00,221.76
216,4,63.88,2026-01-22 09:16:52.160773195+00:00,255.52
216,2,95.45,2026-01-22 09:17:26.160773195+00:00,190.9
216,2,35.59,2026-01-22 09:18:08.160773195+00:00,71.18
216,4,17.68,2026-01-22 09:19:03.160773195+00:00,70.72
215,1,65.04,2026-01-22 11:03:19.690178759+00:00,65.04
215,1,44.95,2026-01-22 11:04:48.690178759+00:00,44.95
215,4,89.83,2026-01-22 11:05:34.690178759+00:00,359.32
215,3,65.58,2026-01-22 11:06:39.690178759+00:00,196.74
215,4,27.49,2026-01-22 11:08:15.690178759+00:00,109.96
215,2,45.77,2026-01-22 11:09:02.690178759+00:00,91.54
215,3,52.75,2026-01-22 11:10:33.690178759+00:00,158.25
215,1,24.36,2026-01-22 11:11:04.690178759+00:00,24.36
215,4,77.09,2026-01-22 11:12:36.690178759+00:00,308.36
322,2,38.79,2026-01-22 13:54:05.455953242+00:00,77.58
322,4,77.06,2026-01-22 13:55:27.455953242+00:00,308.24
322,2,30.4,2026-01-22 13:56:46.455953242+00:00,60.8
322,2,9.08,2026-01-22 13:57:23.455953242+00:00,18.16
322,3,32.83,2026-01-22 13:58:03.455953242+00:00,98.49
4,4,45.75,2026-01-22 22:15:57.832869019+00:00,183.0
4,2,8.29,2026-01-22 22:16:54.832869019+00:00,16.58
205,3,13.45,2026-01-22 17:59:34.647746683+00:00,40.349999999999994
205,4,27.99,2026-01-22 17:59:54.647746683+00:00,111.96
205,3,17.78,2026-01-22 18:00:20.647746683+00:00,53.34
104,3,73.5,2026-01-22 20:03:29.393955467+00:00,220.5
104,1,67.77,2026-01-22 20:04:05.393955467+00:00,67.77
118,1,90.8,2026-01-23 04:28:34.655759366+00:00,90.8
118,2,93.31,2026-01-23 04:28:54.655759366+00:00,186.62
118,2,73.54,2026-01-23 04:29:18.655759366+00:00,147.08
118,1,94.0,2026-01-23 04:30:22.655759366+00:00,94.0
118,3,35.98,2026-01-23 04:31:37.655759366+00:00,107.94
118,2,96.46,2026-01-23 04:32:22.655759366+00:00,192.92
118,2,7.58,2026-01-23 04:32:50.655759366+00:00,15.16
118,4,66.24,2026-01-23 04:33:53.655759366+00:00,264.96
118,3,44.08,2026-01-23 04:34:17.655759366+00:00,132.24
297,4,35.84,2026-01-22 21:31:47.983998029+00:00,143.36
297,4,62.99,2026-01-22 21:32:34.983998029+00:00,251.96
297,1,79.19,2026-01-22 21:34:11.983998029+00:00,79.19
297,4,97.0,2026-01-22 21:35:11.983998029+00:00,388.0
297,2,8.25,2026-01-22 21:36:06.983998029+00:00,16.5
297,3,31.05,2026-01-22 21:36:27.983998029+00:00,93.15
297,4,96.1,2026-01-22 21:37:38.983998029+00:00,384.4
297,3,26.4,2026-01-22 21:38:06.983998029+00:00,79.19999999999999
297,4,34.47,2026-01-22 21:38:28.983998029+00:00,137.88
297,1,71.72,2026-01-22 21:38:48.983998029+00:00,71.72
297,3,95.72,2026-01-22 21:39:16.983998029+00:00,287.15999999999997
297,1,11.4,2026-01-22 21:39:44.983998029+00:00,11.4
144,4,39.31,2026-01-22 20:29:00.446691808+00:00,157.24
144,2,54.65,2026-01-22 20:29:30.446691808+00:00,109.3
357,3,51.91,2026-01-23 02:19:23.767943553+00:00,155.73
357,4,18.73,2026-01-23 02:20:43.767943553+00:00,74.92
357,3,15.24,2026-01-23 02:22:15.767943553+00:00,45.72
357,1,51.17,2026-01-23 02:23:27.767943553+00:00,51.17
357,1,29.65,2026-01-23 02:24:31.767943553+00:00,29.65
357,3,73.3,2026-01-23 02:25:55.767943553+00:00,219.89999999999998
23,2,87.23,2026-01-22 18:30:30.032291765+00:00,174.46
23,3,53.51,2026-01-22 18:31:31.032291765+00:00,160.53
23,4,43.33,2026-01-22 18:32:38.032291765+00:00,173.32
23,2,28.85,2026-01-22 18:33:34.032291765+00:00,57.7
23,2,28.22,2026-01-22 18:33:58.032291765+00:00,56.44
23,3,25.69,2026-01-22 18:35:28.032291765+00:00,77.07000000000001
23,4,63.91,2026-01-22 18:36:29.032291765+00:00,255.64
23,1,85.1,2026-01-22 18:37:19.032291765+00:00,85.1
23,1,87.13,2026-01-22 18:38:30.032291765+00:00,87.13
23,4,7.19,2026-01-22 18:40:05.032291765+00:00,28.76
23,1,74.91,2026-01-22 18:41:30.032291765+00:00,74.91
362,3,17.28,2026-01-23 01:22:28.920324823+00:00,51.84
362,4,20.4,2026-01-23 01:23:34.920324823+00:00,81.6
362,3,64.37,2026-01-23 01:24:51.920324823+00:00,193.11
362,3,11.96,2026-01-23 01:26:02.920324823+00:00,35.88
362,3,90.29,2026-01-23 01:26:38.920324823+00:00,270.87
362,4,68.69,2026-01-23 01:28:07.920324823+00:00,274.76
182,1,6.39,2026-01-22 16:47:33.406013518+00:00,6.39
182,4,69.92,2026-01-22 16:48:58.406013518+00:00,279.68
182,2,47.32,2026-01-22 16:49:25.406013518+00:00,94.64
182,1,38.13,2026-01-22 16:49:46.406013518+00:00,38.13
182,1,79.71,2026-01-22 16:50:17.406013518+00:00,79.71
182,2,70.66,2026-01-22 16:51:34.406013518+00:00,141.32
182,3,35.7,2026-01-22 16:52:08.406013518+00:00,107.10000000000001
182,1,91.21,2026-01-22 16:53:22.406013518+00:00,91.21
182,4,34.87,2026-01-22 16:53:50.406013518+00:00,139.48
159,2,75.63,2026-01-23 06:20:21.332023250+00:00,151.26
45,4,83.39,2026-01-23 04:29:28.290733982+00:00,333.56
45,4,70.29,2026-01-23 04:30:36.290733982+00:00,281.16
45,3,91.12,2026-01-23 04:31:17.290733982+00:00,273.36
45,4,25.44,2026-01-23 04:31:43.290733982+00:00,101.76
45,2,24.93,2026-01-23 04:33:22.290733982+00:00,49.86
45,2,57.18,2026-01-23 04:34:09.290733982+00:00,114.36
45,4,32.92,2026-01-23 04:34:48.290733982+00:00,131.68
45,3,17.54,2026-01-23 04:35:28.290733982+00:00,52.62
45,2,66.48,2026-01-23 04:35:58.290733982+00:00,132.96
45,4,55.76,2026-01-23 04:37:03.290733982+00:00,223.04
45,4,34.22,2026-01-23 04:38:42.290733982+00:00,136.88
45,2,43.9,2026-01-23 04:40:00.290733982+00:00,87.8
45,2,80.72,2026-01-23 04:40:53.290733982+00:00,161.44
25,3,41.64,2026-01-22 15:29:24.534166574+00:00,124.92
25,3,44.84,2026-01-22 15:30:55.534166574+00:00,134.52
25,4,66.25,2026-01-22 15:31:48.534166574+00:00,265.0
229,2,66.6,2026-01-22 17:18:45.017120309+00:00,133.2
266,2,51.75,2026-01-23 01:29:22.783009800+00:00,103.5
266,3,74.93,2026-01-23 01:29:55.783009800+00:00,224.79000000000002
266,1,36.46,2026-01-23 01:31:31.783009800+00:00,36.46
266,3,9.02,2026-01-23 01:32:07.783009800+00:00,27.06
266,1,94.49,2026-01-23 01:32:47.783009800+00:00,94.49
266,2,58.2,2026-01-23 01:34:01.783009800+00:00,116.4
266,1,44.66,2026-01-23 01:34:35.783009800+00:00,44.66
266,3,16.96,2026-01-23 01:35:47.783009800+00:00,50.88
355,4,43.97,2026-01-22 17:20:19.457100133+00:00,175.88
355,1,39.15,2026-01-22 17:20:46.457100133+00:00,39.15
355,2,70.71,2026-01-22 17:21:23.457100133+00:00,141.42
355,2,27.97,2026-01-22 17:22:33.457100133+00:00,55.94
355,4,97.34,2026-01-22 17:23:49.457100133+00:00,389.36
355,1,44.29,2026-01-22 17:24:35.457100133+00:00,44.29
355,3,97.83,2026-01-22 17:25:49.457100133+00:00,293.49
355,2,32.56,2026-01-22 17:26:48.457100133+00:00,65.12
355,3,24.29,2026-01-22 17:27:20.457100133+00:00,72.87
355,1,61.61,2026-01-22 17:28:52.457100133+00:00,61.61
355,2,93.33,2026-01-22 17:30:22.457100133+00:00,186.66
397,3,69.07,2026-01-23 00:29:29.899254470+00:00,207.20999999999998
397,3,51.91,2026-01-23 00:30:36.899254470+00:00,155.73
397,1,63.41,2026-01-23 00:31:36.899254470+00:00,63.41
397,1,86.33,2026-01-23 00:32:02.899254470+00:00,86.33
397,4,21.98,2026-01-23 00:32:44.899254470+00:00,87.92
397,4,71.61,2026-01-23 00:33:26.899254470+00:00,286.44
397,3,74.69,2026-01-23 00:34:12.899254470+00:00,224.07
397,1,60.51,2026-01-23 00:34:46.899254470+00:00,60.51
28,1,79.45,2026-01-22 22:03:03.262570813+00:00,79.45
28,3,92.84,2026-01-22 22:03:36.262570813+00:00,278.52
28,4,7.74,2026-01-22 22:05:01.262570813+00:00,30.96
28,3,37.91,2026-01-22 22:05:38.262570813+00:00,113.72999999999999
385,2,12.42,2026-01-23 05:30:06.800295635+00:00,24.84
385,1,22.5,2026-01-23 05:31:20.800295635+00:00,22.5
196,4,85.07,2026-01-22 21:10:38.079063970+00:00,340.28
196,3,42.62,2026-01-22 21:11:46.079063970+00:00,127.85999999999999
196,2,69.44,2026-01-22 21:13:14.079063970+00:00,138.88
196,3,70.21,2026-01-22 21:13:44.079063970+00:00,210.63
196,3,94.2,2026-01-22 21:14:14.079063970+00:00,282.6
196,3,85.65,2026-01-22 21:15:49.079063970+00:00,256.95000000000005
196,4,79.98,2026-01-22 21:16:13.079063970+00:00,319.92
196,3,73.62,2026-01-22 21:17:10.079063970+00:00,220.86
196,3,18.84,2026-01-22 21:18:20.079063970+00:00,56.519999999999996
379,3,55.87,2026-01-23 04:06:51.430728783+00:00,167.60999999999999
379,4,88.42,2026-01-23 04:07:58.430728783+00:00,353.68
379,1,55.6,2026-01-23 04:09:31.430728783+00:00,55.6
379,2,49.14,2026-01-23 04:10:04.430728783+00:00,98.28
379,3,84.91,2026-01-23 04:11:20.430728783+00:00,254.73
379,1,5.77,2026-01-23 04:12:49.430728783+00:00,5.77
379,1,22.18,2026-01-23 04:14:00.430728783+00:00,22.18
379,4,56.35,2026-01-23 04:15:38.430728783+00:00,225.4
379,4,14.7,2026-01-23 04:17:01.430728783+00:00,58.8
379,1,98.84,2026-01-23 04:18:14.430728783+00:00,98.84
379,2,11.81,2026-01-23 04:19:29.430728783+00:00,23.62
379,1,23.97,2026-01-23 04:20:46.430728783+00:00,23.97
278,4,65.53,2026-01-22 23:12:58.550363093+00:00,262.12
278,3,47.82,2026-01-22 23:13:39.550363093+00:00,143.46
278,2,47.75,2026-01-22 23:15:07.550363093+00:00,95.5
278,3,16.93,2026-01-22 23:16:03.550363093+00:00,50.79
278,3,8.11,2026-01-22 23:16:36.550363093+00:00,24.33
278,3,75.32,2026-01-22 23:17:30.550363093+00:00,225.95999999999998
278,1,71.79,2026-01-22 23:18:56.550363093+00:00,71.79
278,2,49.09,2026-01-22 23:19:19.550363093+00:00,98.18
278,3,6.49,2026-01-22 23:20:39.550363093+00:00,19.47
278,2,97.2,2026-01-22 23:22:04.550363093+00:00,194.4
278,2,83.05,2026-01-22 23:22:41.550363093+00:00,166.1
365,3,30.3,2026-01-22 15:55:15.165085295+00:00,90.9
365,4,92.01,2026-01-22 15:56:44.165085295+00:00,368.04
365,2,72.05,2026-01-22 15:57:32.165085295+00:00,144.1
365,2,75.26,2026-01-22 15:58:01.165085295+00:00,150.52
365,4,39.03,2026-01-22 15:58:53.165085295+00:00,156.12
365,2,35.2,2026-01-22 15:59:36.165085295+00:00,70.4
365,3,66.33,2026-01-22 16:00:17.165085295+00:00,198.99
365,2,14.64,2026-01-22 16:00:40.165085295+00:00,29.28
365,1,49.49,2026-01-22 16:01:33.165085295+00:00,49.49
365,4,77.58,2026-01-22 16:02:18.165085295+00:00,310.32
365,1,94.56,2026-01-22 16:03:05.165085295+00:00,94.56
365,3,74.71,2026-01-22 16:04:19.165085295+00:00,224.13
12,3,10.56,2026-01-23 03:23:49.363298303+00:00,31.68
12,2,44.51,2026-01-23 03:24:19.363298303+00:00,89.02
12,1,64.72,2026-01-23 03:25:03.363298303+00:00,64.72
12,1,86.84,2026-01-23 03:26:25.363298303+00:00,86.84
12,1,6.71,2026-01-23 03:27:02.363298303+00:00,6.71
12,2,93.42,2026-01-23 03:27:28.363298303+00:00,186.84
354,1,22.28,2026-01-22 20:52:40.845464345+00:00,22.28
354,3,14.99,2026-01-22 20:53:40.845464345+00:00,44.97
354,1,11.49,2026-01-22 20:55:17.845464345+00:00,11.49
354,3,74.04,2026-01-22 20:56:39.845464345+00:00,222.12
354,3,13.98,2026-01-22 20:57:56.845464345+00:00,41.94
354,4,31.67,2026-01-22 20:58:53.845464345+00:00,126.68
372,3,14.14,2026-01-22 21:45:22.490288956+00:00,42.42
372,1,72.52,2026-01-22 21:46:13.490288956+00:00,72.52
372,2,91.09,2026-01-22 21:47:31.490288956+00:00,182.18
372,1,47.47,2026-01-22 21:48:02.490288956+00:00,47.47
372,1,92.86,2026-01-22 21:48:22.490288956+00:00,92.86
372,4,65.46,2026-01-22 21:49:51.490288956+00:00,261.84
372,4,36.51,2026-01-22 21:50:58.490288956+00:00,146.04
127,3,52.12,2026-01-23 00:40:57.184681779+00:00,156.35999999999999
127,3,30.08,2026-01-23 00:41:38.184681779+00:00,90.24
127,3,72.05,2026-01-23 00:42:08.184681779+00:00,216.14999999999998
33,2,18.68,2026-01-22 11:50:34.419096576+00:00,37.36
33,3,48.41,2026-01-22 11:52:04.419096576+00:00,145.23
33,4,27.53,2026-01-22 11:52:33.419096576+00:00,110.12
33,3,75.05,2026-01-22 11:53:05.419096576+00:00,225.14999999999998
33,2,84.16,2026-01-22 11:53:53.419096576+00:00,168.32
33,3,37.0,2026-01-22 11:55:26.419096576+00:00,111.0
399,2,78.94,2026-01-22 20:15:18.176942549+00:00,157.88
399,2,63.32,2026-01-22 20:15:40.176942549+00:00,126.64
399,4,11.31,2026-01-22 20:16:35.176942549+00:00,45.24
399,4,90.8,2026-01-22 20:17:12.176942549+00:00,363.2
399,2,27.99,2026-01-22 20:18:24.176942549+00:00,55.98
399,1,10.84,2026-01-22 20:19:22.176942549+00:00,10.84
153,1,31.24,2026-01-22 10:25:04.387009015+00:00,31.24
153,3,97.92,2026-01-22 10:26:43.387009015+00:00,293.76
153,3,70.02,2026-01-22 10:27:56.387009015+00:00,210.06
153,4,45.02,2026-01-22 10:28:44.387009015+00:00,180.08
153,3,86.75,2026-01-22 10:29:27.387009015+00:00,260.25
153,2,18.67,2026-01-22 10:31:02.387009015+00:00,37.34
153,3,30.76,2026-01-22 10:32:21.387009015+00:00,92.28
153,1,50.05,2026-01-22 10:33:54.387009015+00:00,50.05
153,2,38.25,2026-01-22 10:34:31.387009015+00:00,76.5
153,1,6.34,2026-01-22 10:36:10.387009015+00:00,6.34
153,3,62.41,2026-01-22 10:36:59.387009015+00:00,187.23
312,4,52.88,2026-01-23 00:48:05.525512788+00:00,211.52
312,1,55.71,2026-01-23 00:48:25.525512788+00:00,55.71
312,4,11.31,2026-01-23 00:49:33.525512788+00:00,45.24
312,2,85.18,2026-01-23 00:50:20.525512788+00:00,170.36
344,2,20.75,2026-01-22 08:39:47.243348903+00:00,41.5
344,2,37.3,2026-01-22 08:41:06.243348903+00:00,74.6
344,1,61.72,2026-01-22 08:42:12.243348903+00:00,61.72
344,1,56.95,2026-01-22 08:43:48.243348903+00:00,56.95
344,2,49.16,2026-01-22 08:44:47.243348903+00:00,98.32
344,2,32.24,2026-01-22 08:45:29.243348903+00:00,64.48
344,3,48.39,2026-01-22 08:46:11.243348903+00:00,145.17000000000002
389,4,31.18,2026-01-22 22:40:57.982675956+00:00,124.72
389,3,34.4,2026-01-22 22:41:53.982675956+00:00,103.19999999999999
389,1,87.08,2026-01-22 22:43:20.982675956+00:00,87.08
389,3,47.03,2026-01-22 22:44:24.982675956+00:00,141.09
389,3,12.55,2026-01-22 22:45:36.982675956+00:00,37.650000000000006
389,2,50.3,2026-01-22 22:45:58.982675956+00:00,100.6
389,2,43.52,2026-01-22 22:47:22.982675956+00:00,87.04
389,4,46.92,2026-01-22 22:48:53.982675956+00:00,187.68
389,3,11.71,2026-01-22 22:49:50.982675956+00:00,35.13
389,3,14.49,2026-01-22 22:51:05.982675956+00:00,43.47
389,2,45.72,2026-01-22 22:52:08.982675956+00:00,91.44
389,1,78.87,2026-01-22 22:52:43.982675956+00:00,78.87
389,1,25.67,2026-01-22 22:54:17.982675956+00:00,25.67
64,1,95.61,2026-01-23 01:00:37.444593991+00:00,95.61
64,4,63.63,2026-01-23 01:01:53.444593991+00:00,254.52
64,2,77.77,2026-01-23 01:02:22.444593991+00:00,155.54
64,2,83.63,2026-01-23 01:02:59.444593991+00:00,167.26
124,2,44.97,2026-01-22 07:57:23.330373132+00:00,89.94
124,1,47.63,2026-01-22 07:58:54.330373132+00:00,47.63
124,1,79.2,2026-01-22 08:00:23.330373132+00:00,79.2
124,3,35.26,2026-01-22 08:01:26.330373132+00:00,105.78
124,2,45.34,2026-01-22 08:03:00.330373132+00:00,90.68
124,4,55.54,2026-01-22 08:04:35.330373132+00:00,222.16
124,2,39.18,2026-01-22 08:05:20.330373132+00:00,78.36
124,3,86.15,2026-01-22 08:05:41.330373132+00:00,258.45000000000005
124,3,7.03,2026-01-22 08:06:43.330373132+00:00,21.09
124,4,89.01,2026-01-22 08:08:19.330373132+00:00,356.04
124,4,91.44,2026-01-22 08:09:03.330373132+00:00,365.76
124,3,63.83,2026-01-22 08:09:43.330373132+00:00,191.49
124,2,42.09,2026-01-22 08:10:11.330373132+00:00,84.18
124,3,17.03,2026-01-22 08:11:14.330373132+00:00,51.09
308,4,72.0,2026-01-22 23:34:04.105238834+00:00,288.0
308,3,49.18,2026-01-22 23:35:12.105238834+00:00,147.54
308,1,36.98,2026-01-22 23:35:38.105238834+00:00,36.98
276,4,86.71,2026-01-22 17:50:08.895605075+00:00,346.84
276,4,66.96,2026-01-22 17:51:23.895605075+00:00,267.84
276,3,58.59,2026-01-22 17:52:52.895605075+00:00,175.77
276,4,34.88,2026-01-22 17:53:25.895605075+00:00,139.52
276,1,74.35,2026-01-22 17:54:02.895605075+00:00,74.35
276,3,69.34,2026-01-22 17:55:02.895605075+00:00,208.02
276,1,87.99,2026-01-22 17:55:50.895605075+00:00,87.99
276,3,49.07,2026-01-22 17:56:54.895605075+00:00,147.21
276,4,15.19,2026-01-22 17:57:54.895605075+00:00,60.76
276,3,25.51,2026-01-22 17:58:31.895605075+00:00,76.53
276,3,96.14,2026-01-22 17:59:20.895605075+00:00,288.42
276,3,75.38,2026-01-22 18:00:07.895605075+00:00,226.14
158,2,55.15,2026-01-22 19:19:39.630794114+00:00,110.3
158,1,29.76,2026-01-22 19:21:16.630794114+00:00,29.76
158,4,32.26,2026-01-22 19:21:44.630794114+00:00,129.04
158,2,65.13,2026-01-22 19:22:57.630794114+00:00,130.26
158,2,78.94,2026-01-22 19:24:22.630794114+00:00,157.88
158,4,64.75,2026-01-22 19:25:40.630794114+00:00,259.0
158,4,69.94,2026-01-22 19:26:57.630794114+00:00,279.76
158,4,43.02,2026-01-22 19:27:47.630794114+00:00,172.08
158,3,36.77,2026-01-22 19:28:24.630794114+00:00,110.31
210,2,10.01,2026-01-23 05:10:31.593924743+00:00,20.02
210,1,25.72,2026-01-23 05:11:58.593924743+00:00,25.72
210,4,81.12,2026-01-23 05:12:37.593924743+00:00,324.48
227,1,37.37,2026-01-23 03:38:00.182260691+00:00,37.37
227,4,28.84,2026-01-23 03:38:51.182260691+00:00,115.36
227,2,79.82,2026-01-23 03:40:17.182260691+00:00,159.64
227,2,93.97,2026-01-23 03:40:50.182260691+00:00,187.94
227,3,55.63,2026-01-23 03:41:45.182260691+00:00,166.89000000000001
227,2,60.25,2026-01-23 03:42:53.182260691+00:00,120.5
227,3,16.85,2026-01-23 03:44:12.182260691+00:00,50.550000000000004
227,4,70.51,2026-01-23 03:45:02.182260691+00:00,282.04
227,1,47.43,2026-01-23 03:45:36.182260691+00:00,47.43
227,3,70.62,2026-01-23 03:46:45.182260691+00:00,211.86
224,3,98.97,2026-01-22 13:59:30.850556514+00:00,296.90999999999997
117,3,51.55,2026-01-23 02:47:18.844829845+00:00,154.64999999999998
117,1,12.24,2026-01-23 02:48:31.844829845+00:00,12.24
117,4,49.72,2026-01-23 02:50:03.844829845+00:00,198.88
117,4,27.89,2026-01-23 02:51:39.844829845+00:00,111.56
117,1,83.34,2026-01-23 02:52:40.844829845+00:00,83.34
117,3,90.95,2026-01-23 02:54:04.844829845+00:00,272.85
117,3,7.79,2026-01-23 02:55:18.844829845+00:00,23.37
50,3,17.27,2026-01-22 20:23:57.104700444+00:00,51.81
50,3,13.59,2026-01-22 20:24:21.104700444+00:00,40.769999999999996
50,3,75.76,2026-01-22 20:24:52.104700444+00:00,227.28000000000003
50,3,62.7,2026-01-22 20:26:07.104700444+00:00,188.10000000000002
50,4,24.88,2026-01-22 20:26:49.104700444+00:00,99.52
50,1,33.63,2026-01-22 20:27:09.104700444+00:00,33.63
50,1,13.08,2026-01-22 20:27:51.104700444+00:00,13.08
50,2,57.69,2026-01-22 20:29:11.104700444+00:00,115.38
50,1,92.02,2026-01-22 20:29:33.104700444+00:00,92.02
244,2,7.64,2026-01-22 12:57:10.645909735+00:00,15.28
244,4,81.5,2026-01-22 12:57:33.645909735+00:00,326.0
244,2,22.87,2026-01-22 12:58:59.645909735+00:00,45.74
244,4,57.76,2026-01-22 12:59:24.645909735+00:00,231.04
244,2,63.59,2026-01-22 12:59:44.645909735+00:00,127.18
244,2,97.63,2026-01-22 13:01:12.645909735+00:00,195.26
244,1,79.3,2026-01-22 13:02:06.645909735+00:00,79.3
244,1,97.05,2026-01-22 13:03:43.645909735+00:00,97.05
244,2,91.53,2026-01-22 13:04:59.645909735+00:00,183.06
244,2,63.2,2026-01-22 13:05:20.645909735+00:00,126.4
363,1,58.2,2026-01-23 01:46:50.375088209+00:00,58.2
171,2,32.97,2026-01-22 22:42:47.247111168+00:00,65.94
171,4,73.6,2026-01-22 22:43:58.247111168+00:00,294.4
171,4,42.19,2026-01-22 22:45:03.247111168+00:00,168.76
171,4,56.41,2026-01-22 22:46:05.247111168+00:00,225.64
396,1,38.88,2026-01-23 04:16:19.224548587+00:00,38.88
396,1,5.89,2026-01-23 04:17:05.224548587+00:00,5.89
396,2,92.33,2026-01-23 04:18:12.224548587+00:00,184.66
396,3,46.05,2026-01-23 04:18:48.224548587+00:00,138.14999999999998
3,2,62.9,2026-01-23 03:11:36.089292031+00:00,125.8
3,3,27.1,2026-01-23 03:12:05.089292031+00:00,81.30000000000001
3,4,6.0,2026-01-23 03:12:27.089292031+00:00,24.0
3,4,42.06,2026-01-23 03:13:48.089292031+00:00,168.24
162,1,54.36,2026-01-22 07:41:52.985882801+00:00,54.36
162,3,29.12,2026-01-22 07:43:16.985882801+00:00,87.36
162,4,35.48,2026-01-22 07:43:39.985882801+00:00,141.92
162,4,11.11,2026-01-22 07:44:40.985882801+00:00,44.44
162,4,87.89,2026-01-22 07:45:20.985882801+00:00,351.56
162,2,94.41,2026-01-22 07:46:26.985882801+00:00,188.82
162,4,54.34,2026-01-22 07:47:17.985882801+00:00,217.36
162,3,20.35,2026-01-22 07:47:41.985882801+00:00,61.050000000000004
162,1,26.07,2026-01-22 07:48:16.985882801+00:00,26.07
162,1,35.06,2026-01-22 07:48:36.985882801+00:00,35.06
162,3,46.87,2026-01-22 07:49:08.985882801+00:00,140.60999999999999
162,3,83.04,2026-01-22 07:49:42.985882801+00:00,249.12
280,2,11.53,2026-01-22 14:58:02.273386999+00:00,23.06
280,4,83.13,2026-01-22 14:58:38.273386999+00:00,332.52
280,3,54.27,2026-01-22 14:59:24.273386999+00:00,162.81
251,4,32.41,2026-01-22 23:36:59.160927109+00:00,129.64
251,1,14.09,2026-01-22 23:38:00.160927109+00:00,14.09
251,3,87.62,2026-01-22 23:39:23.160927109+00:00,262.86
366,1,42.68,2026-01-23 01:16:43.586894792+00:00,42.68
366,2,31.99,2026-01-23 01:17:28.586894792+00:00,63.98
366,4,66.81,2026-01-23 01:17:50.586894792+00:00,267.24
366,1,77.36,2026-01-23 01:18:21.586894792+00:00,77.36
338,1,7.66,2026-01-22 22:07:29.104921156+00:00,7.66
338,3,66.88,2026-01-22 22:07:58.104921156+00:00,200.64
338,3,71.6,2026-01-22 22:09:25.104921156+00:00,214.79999999999998
367,4,32.41,2026-01-22 18:03:27.097991250+00:00,129.64
367,4,68.49,2026-01-22 18:04:29.097991250+00:00,273.96
367,3,52.73,2026-01-22 18:05:47.097991250+00:00,158.19
367,1,68.31,2026-01-22 18:07:01.097991250+00:00,68.31
222,2,87.55,2026-01-23 05:23:42.692809443+00:00,175.1
222,4,33.52,2026-01-23 05:24:36.692809443+00:00,134.08
222,4,20.38,2026-01-23 05:25:13.692809443+00:00,81.52
109,4,74.44,2026-01-22 09:10:19.167698129+00:00,297.76
152,1,64.97,2026-01-22 15:56:07.035356444+00:00,64.97
152,2,41.04,2026-01-22 15:56:39.035356444+00:00,82.08
152,3,83.9,2026-01-22 15:57:16.035356444+00:00,251.70000000000002
152,2,39.2,2026-01-22 15:58:07.035356444+00:00,78.4
152,2,74.34,2026-01-22 15:58:48.035356444+00:00,148.68
152,2,64.77,2026-01-22 15:59:23.035356444+00:00,129.54
152,1,92.65,2026-01-22 16:00:21.035356444+00:00,92.65
152,4,88.97,2026-01-22 16:01:18.035356444+00:00,355.88
152,1,56.94,2026-01-22 16:02:00.035356444+00:00,56.94
152,3,80.25,2026-01-22 16:02:30.035356444+00:00,240.75
152,1,24.26,2026-01-22 16:03:18.035356444+00:00,24.26
152,1,99.18,2026-01-22 16:04:17.035356444+00:00,99.18
152,2,23.75,2026-01-22 16:05:09.035356444+00:00,47.5
152,1,34.49,2026-01-22 16:05:45.035356444+00:00,34.49
43,1,78.53,2026-01-22 12:02:56.659728579+00:00,78.53
43,1,74.34,2026-01-22 12:04:29.659728579+00:00,74.34
43,1,49.8,2026-01-22 12:05:38.659728579+00:00,49.8
43,1,8.75,2026-01-22 12:06:29.659728579+00:00,8.75
172,2,44.56,2026-01-22 07:51:56.295760403+00:00,89.12
172,3,21.83,2026-01-22 07:52:42.295760403+00:00,65.49
172,3,46.4,2026-01-22 07:53:08.295760403+00:00,139.2
172,2,87.22,2026-01-22 07:54:38.295760403+00:00,174.44
172,3,40.92,2026-01-22 07:55:37.295760403+00:00,122.76
172,3,53.23,2026-01-22 07:56:50.295760403+00:00,159.69
166,1,62.76,2026-01-22 17:37:11.967852348+00:00,62.76
166,4,62.12,2026-01-22 17:38:05.967852348+00:00,248.48
166,2,68.39,2026-01-22 17:39:37.967852348+00:00,136.78
166,2,19.33,2026-01-22 17:40:38.967852348+00:00,38.66
166,2,51.09,2026-01-22 17:41:35.967852348+00:00,102.18
166,1,20.71,2026-01-22 17:42:49.967852348+00:00,20.71
166,1,28.06,2026-01-22 17:43:29.967852348+00:00,28.06
166,4,47.01,2026-01-22 17:44:22.967852348+00:00,188.04
303,3,92.69,2026-01-22 16:38:24.933908161+00:00,278.07
303,3,26.28,2026-01-22 16:39:52.933908161+00:00,78.84
303,4,72.92,2026-01-22 16:40:55.933908161+00:00,291.68
303,2,80.58,2026-01-22 16:42:11.933908161+00:00,161.16
303,1,67.02,2026-01-22 16:43:33.933908161+00:00,67.02
303,2,84.25,2026-01-22 16:44:31.933908161+00:00,168.5
303,3,76.78,2026-01-22 16:45:55.933908161+00:00,230.34
353,1,47.53,2026-01-22 14:55:57.502537870+00:00,47.53
353,4,52.01,2026-01-22 14:56:54.502537870+00:00,208.04
353,1,96.9,2026-01-22 14:57:42.502537870+00:00,96.9
132,2,21.45,2026-01-22 08:24:27.028717469+00:00,42.9
132,1,62.6,2026-01-22 08:25:58.028717469+00:00,62.6
132,1,16.26,2026-01-22 08:26:53.028717469+00:00,16.26
132,2,16.1,2026-01-22 08:27:58.028717469+00:00,32.2
132,2,15.82,2026-01-22 08:29:07.028717469+00:00,31.64
132,1,41.99,2026-01-22 08:30:19.028717469+00:00,41.99
132,4,79.54,2026-01-22 08:30:48.028717469+00:00,318.16
132,4,75.41,2026-01-22 08:31:38.028717469+00:00,301.64
261,1,71.6,2026-01-22 09:38:10.740025528+00:00,71.6
261,1,62.11,2026-01-22 09:38:42.740025528+00:00,62.11
261,1,26.17,2026-01-22 09:39:58.740025528+00:00,26.17
261,1,86.6,2026-01-22 09:41:36.740025528+00:00,86.6
261,3,55.38,2026-01-22 09:43:08.740025528+00:00,166.14000000000001
261,2,45.27,2026-01-22 09:44:07.740025528+00:00,90.54
261,3,87.13,2026-01-22 09:45:25.740025528+00:00,261.39
261,4,46.62,2026-01-22 09:46:15.740025528+00:00,186.48
261,1,62.62,2026-01-22 09:47:43.740025528+00:00,62.62
281,3,81.62,2026-01-23 02:19:57.919888090+00:00,244.86
281,2,61.98,2026-01-23 02:20:39.919888090+00:00,123.96
281,3,95.42,2026-01-23 02:21:36.919888090+00:00,286.26
281,3,90.12,2026-01-23 02:22:55.919888090+00:00,270.36
281,4,76.38,2026-01-23 02:23:31.919888090+00:00,305.52
281,1,95.7,2026-01-23 02:25:05.919888090+00:00,95.7
281,1,9.58,2026-01-23 02:26:24.919888090+00:00,9.58
281,2,83.4,2026-01-23 02:26:58.919888090+00:00,166.8
281,3,27.63,2026-01-23 02:27:58.919888090+00:00,82.89
281,2,38.37,2026-01-23 02:29:32.919888090+00:00,76.74
326,1,79.93,2026-01-22 11:23:37.731642268+00:00,79.93
326,1,57.09,2026-01-22 11:24:04.731642268+00:00,57.09
326,3,10.76,2026-01-22 11:24:43.731642268+00:00,32.28
326,2,57.62,2026-01-22 11:25:49.731642268+00:00,115.24
326,1,18.1,2026-01-22 11:26:55.731642268+00:00,18.1
326,3,82.68,2026-01-22 11:27:19.731642268+00:00,248.04000000000002
326,4,98.55,2026-01-22 11:28:55.731642268+00:00,394.2
325,4,7.96,2026-01-23 02:30:53.508722402+00:00,31.84
325,1,27.6,2026-01-23 02:31:53.508722402+00:00,27.6
325,3,59.72,2026-01-23 02:32:21.508722402+00:00,179.16
325,4,67.54,2026-01-23 02:33:32.508722402+00:00,270.16
325,3,48.35,2026-01-23 02:33:59.508722402+00:00,145.05
325,4,58.83,2026-01-23 02:34:24.508722402+00:00,235.32
325,2,25.7,2026-01-23 02:35:25.508722402+00:00,51.4
325,1,64.51,2026-01-23 02:36:18.508722402+00:00,64.51
325,1,67.87,2026-01-23 02:36:54.508722402+00:00,67.87
325,1,45.43,2026-01-23 02:38:23.508722402+00:00,45.43
325,3,85.47,2026-01-23 02:39:01.508722402+00:00,256.40999999999997
325,1,96.64,2026-01-23 02:39:42.508722402+00:00,96.64
145,2,22.91,2026-01-22 16:21:15.994543793+00:00,45.82
145,3,60.29,2026-01-22 16:21:39.994543793+00:00,180.87
145,3,39.58,2026-01-22 16:22:59.994543793+00:00,118.74
145,4,57.92,2026-01-22 16:24:22.994543793+00:00,231.68
145,1,80.33,2026-01-22 16:25:28.994543793+00:00,80.33
145,2,30.47,2026-01-22 16:26:51.994543793+00:00,60.94
31,3,99.93,2026-01-23 05:56:16.243772660+00:00,299.79
31,4,43.86,2026-01-23 05:56:39.243772660+00:00,175.44
31,2,65.97,2026-01-23 05:57:36.243772660+00:00,131.94
31,2,99.42,2026-01-23 05:59:00.243772660+00:00,198.84
31,1,29.73,2026-01-23 05:59:49.243772660+00:00,29.73
31,2,47.35,2026-01-23 06:00:47.243772660+00:00,94.7
31,3,47.33,2026-01-23 06:02:01.243772660+00:00,141.99
31,4,69.3,2026-01-23 06:02:36.243772660+00:00,277.2
31,2,36.79,2026-01-23 06:03:53.243772660+00:00,73.58
31,4,8.99,2026-01-23 06:04:24.243772660+00:00,35.96
18,2,72.13,2026-01-23 00:27:31.658004157+00:00,144.26
18,4,56.33,2026-01-23 00:29:07.658004157+00:00,225.32
18,1,19.38,2026-01-23 00:30:20.658004157+00:00,19.38
18,1,70.36,2026-01-23 00:31:49.658004157+00:00,70.36
347,4,6.42,2026-01-22 09:27:54.411765507+00:00,25.68
347,2,53.77,2026-01-22 09:28:48.411765507+00:00,107.54
347,4,70.29,2026-01-22 09:29:13.411765507+00:00,281.16
347,3,88.31,2026-01-22 09:29:55.411765507+00:00,264.93
275,1,93.63,2026-01-22 20:18:16.005411720+00:00,93.63
275,2,34.16,2026-01-22 20:18:56.005411720+00:00,68.32
275,3,20.6,2026-01-22 20:19:50.005411720+00:00,61.800000000000004
275,3,88.84,2026-01-22 20:20:50.005411720+00:00,266.52
275,1,63.35,2026-01-22 20:22:08.005411720+00:00,63.35
49,3,11.22,2026-01-22 17:34:58.848578744+00:00,33.660000000000004
49,2,15.21,2026-01-22 17:36:07.848578744+00:00,30.42
49,1,22.9,2026-01-22 17:37:17.848578744+00:00,22.9
49,4,51.44,2026-01-22 17:38:25.848578744+00:00,205.76
49,4,64.83,2026-01-22 17:39:19.848578744+00:00,259.32
97,4,51.8,2026-01-22 12:45:08.775451360+00:00,207.2
97,2,90.54,2026-01-22 12:46:09.775451360+00:00,181.08
120,4,56.05,2026-01-22 20:50:46.921815291+00:00,224.2
120,3,45.77,2026-01-22 20:51:10.921815291+00:00,137.31
120,4,28.29,2026-01-22 20:51:57.921815291+00:00,113.16
120,3,28.75,2026-01-22 20:52:32.921815291+00:00,86.25
120,2,82.07,2026-01-22 20:53:09.921815291+00:00,164.14
120,4,83.88,2026-01-22 20:53:32.921815291+00:00,335.52
243,4,64.82,2026-01-22 11:49:11.405075290+00:00,259.28
243,4,24.05,2026-01-22 11:50:21.405075290+00:00,96.2
243,3,22.38,2026-01-22 11:51:12.405075290+00:00,67.14
243,1,29.03,2026-01-22 11:52:11.405075290+00:00,29.03
243,3,95.1,2026-01-22 11:53:13.405075290+00:00,285.29999999999995
243,4,59.98,2026-01-22 11:53:58.405075290+00:00,239.92
243,2,78.34,2026-01-22 11:54:48.405075290+00:00,156.68
243,4,92.8,2026-01-22 11:55:21.405075290+00:00,371.2
243,2,38.81,2026-01-22 11:56:54.405075290+00:00,77.62
243,1,28.22,2026-01-22 11:58:02.405075290+00:00,28.22
149,1,87.57,2026-01-22 13:51:49.075048011+00:00,87.57
149,1,46.31,2026-01-22 13:52:37.075048011+00:00,46.31
149,4,96.58,2026-01-22 13:53:15.075048011+00:00,386.32
149,4,78.73,2026-01-22 13:53:56.075048011+00:00,314.92
149,2,77.09,2026-01-22 13:54:27.075048011+00:00,154.18
149,1,74.38,2026-01-22 13:55:58.075048011+00:00,74.38
149,2,71.74,2026-01-22 13:57:37.075048011+00:00,143.48
149,2,88.87,2026-01-22 13:58:43.075048011+00:00,177.74
149,4,10.96,2026-01-22 13:59:31.075048011+00:00,43.84
149,2,17.63,2026-01-22 14:01:01.075048011+00:00,35.26
223,4,76.33,2026-01-23 02:56:49.818177646+00:00,305.32
223,4,84.3,2026-01-23 02:57:19.818177646+00:00,337.2
223,4,48.76,2026-01-23 02:57:44.818177646+00:00,195.04
223,2,88.23,2026-01-23 02:58:18.818177646+00:00,176.46
223,4,35.6,2026-01-23 02:59:49.818177646+00:00,142.4
223,4,81.77,2026-01-23 03:00:21.818177646+00:00,327.08
223,2,87.98,2026-01-23 03:01:22.818177646+00:00,175.96
223,1,51.19,2026-01-23 03:02:23.818177646+00:00,51.19
223,2,64.12,2026-01-23 03:02:49.818177646+00:00,128.24
223,2,62.57,2026-01-23 03:03:17.818177646+00:00,125.14
223,2,43.6,2026-01-23 03:04:04.818177646+00:00,87.2
223,3,62.44,2026-01-23 03:05:02.818177646+00:00,187.32
223,2,95.38,2026-01-23 03:06:23.818177646+00:00,190.76
307,3,98.46,2026-01-22 08:03:57.281530621+00:00,295.38
307,4,66.53,2026-01-22 08:05:13.281530621+00:00,266.12
307,4,20.31,2026-01-22 08:06:25.281530621+00:00,81.24
307,4,67.16,2026-01-22 08:07:04.281530621+00:00,268.64
307,3,55.52,2026-01-22 08:08:42.281530621+00:00,166.56
307,3,37.79,2026-01-22 08:09:29.281530621+00:00,113.37
307,1,18.21,2026-01-22 08:10:40.281530621+00:00,18.21
307,2,28.91,2026-01-22 08:11:30.281530621+00:00,57.82
307,4,8.69,2026-01-22 08:12:54.281530621+00:00,34.76
307,4,44.97,2026-01-22 08:14:00.281530621+00:00,179.88
307,3,92.89,2026-01-22 08:15:06.281530621+00:00,278.67
174,4,31.76,2026-01-23 06:42:45.396314859+00:00,127.04
174,4,19.12,2026-01-23 06:43:29.396314859+00:00,76.48
174,1,26.96,2026-01-23 06:44:58.396314859+00:00,26.96
349,3,82.94,2026-01-22 10:44:15.512637262+00:00,248.82
268,1,22.66,2026-01-22 22:55:13.456562502+00:00,22.66
268,1,9.08,2026-01-22 22:56:33.456562502+00:00,9.08
268,2,34.55,2026-01-22 22:57:42.456562502+00:00,69.1
268,2,87.66,2026-01-22 22:58:26.456562502+00:00,175.32
268,4,58.03,2026-01-22 22:59:39.456562502+00:00,232.12
268,2,65.49,2026-01-22 23:01:18.456562502+00:00,130.98
268,1,98.53,2026-01-22 23:02:54.456562502+00:00,98.53
268,3,6.97,2026-01-22 23:04:01.456562502+00:00,20.91
268,3,40.8,2026-01-22 23:05:17.456562502+00:00,122.39999999999999
268,3,27.53,2026-01-22 23:05:56.456562502+00:00,82.59
247,1,79.94,2026-01-22 19:34:19.222433671+00:00,79.94
247,4,36.76,2026-01-22 19:35:11.222433671+00:00,147.04
247,2,52.6,2026-01-22 19:36:14.222433671+00:00,105.2
247,4,29.32,2026-01-22 19:36:54.222433671+00:00,117.28
247,1,9.62,2026-01-22 19:37:45.222433671+00:00,9.62
247,3,97.45,2026-01-22 19:38:25.222433671+00:00,292.35
247,2,19.2,2026-01-22 19:39:16.222433671+00:00,38.4
247,2,28.91,2026-01-22 19:40:26.222433671+00:00,57.82
247,1,82.12,2026-01-22 19:41:45.222433671+00:00,82.12
247,4,66.33,2026-01-22 19:42:32.222433671+00:00,265.32
247,2,78.11,2026-01-22 19:43:37.222433671+00:00,156.22
1,3,49.01,2026-01-22 15:43:05.068605680+00:00,147.03
1,4,48.2,2026-01-22 15:43:49.068605680+00:00,192.8
1,3,32.26,2026-01-22 15:44:11.068605680+00:00,96.78
1,4,23.22,2026-01-22 15:44:45.068605680+00:00,92.88
1,2,96.5,2026-01-22 15:46:01.068605680+00:00,193.0
1,2,85.79,2026-01-22 15:47:15.068605680+00:00,171.58
1,4,35.61,2026-01-22 15:47:35.068605680+00:00,142.44
1,1,46.84,2026-01-22 15:49:12.068605680+00:00,46.84
102,2,82.87,2026-01-22 11:20:20.466738039+00:00,165.74
102,3,65.48,2026-01-22 11:21:35.466738039+00:00,196.44
102,3,19.19,2026-01-22 11:22:30.466738039+00:00,57.57000000000001
102,3,71.93,2026-01-22 11:24:01.466738039+00:00,215.79000000000002
102,2,59.9,2026-01-22 11:25:22.466738039+00:00,119.8
102,1,22.46,2026-01-22 11:26:58.466738039+00:00,22.46
102,3,26.85,2026-01-22 11:28:13.466738039+00:00,80.55000000000001
102,3,71.21,2026-01-22 11:28:47.466738039+00:00,213.63
102,2,21.95,2026-01-22 11:29:46.466738039+00:00,43.9
181,2,76.23,2026-01-22 15:19:07.936165408+00:00,152.46
181,3,91.72,2026-01-22 15:20:16.936165408+00:00,275.15999999999997
181,3,28.63,2026-01-22 15:21:54.936165408+00:00,85.89
181,3,10.32,2026-01-22 15:23:00.936165408+00:00,30.96
181,2,74.26,2026-01-22 15:24:29.936165408+00:00,148.52
181,4,16.1,2026-01-22 15:26:04.936165408+00:00,64.4
181,4,81.85,2026-01-22 15:27:08.936165408+00:00,327.4
181,3,93.96,2026-01-22 15:28:12.936165408+00:00,281.88
181,4,88.2,2026-01-22 15:28:58.936165408+00:00,352.8
181,1,77.52,2026-01-22 15:29:36.936165408+00:00,77.52
181,2,37.59,2026-01-22 15:31:12.936165408+00:00,75.18
181,3,31.39,2026-01-22 15:31:46.936165408+00:00,94.17
181,1,29.87,2026-01-22 15:32:44.936165408+00:00,29.87
181,2,31.58,2026-01-22 15:34:05.936165408+00:00,63.16
65,1,45.34,2026-01-22 22:50:42.354567096+00:00,45.34
133,1,87.27,2026-01-22 16:03:17.655781759+00:00,87.27
133,1,10.04,2026-01-22 16:03:43.655781759+00:00,10.04
133,1,17.33,2026-01-22 16:05:18.655781759+00:00,17.33
133,4,16.25,2026-01-22 16:06:00.655781759+00:00,65.0
133,4,74.02,2026-01-22 16:06:41.655781759+00:00,296.08
133,2,76.49,2026-01-22 16:07:08.655781759+00:00,152.98
133,3,14.6,2026-01-22 16:07:45.655781759+00:00,43.8
133,1,47.87,2026-01-22 16:09:17.655781759+00:00,47.87
133,1,64.44,2026-01-22 16:10:47.655781759+00:00,64.44
133,1,63.05,2026-01-22 16:12:15.655781759+00:00,63.05
133,1,73.55,2026-01-22 16:13:28.655781759+00:00,73.55
133,3,93.43,2026-01-22 16:15:02.655781759+00:00,280.29
13,1,77.15,2026-01-23 00:23:45.778958056+00:00,77.15
13,1,92.35,2026-01-23 00:24:24.778958056+00:00,92.35
13,2,72.11,2026-01-23 00:25:47.778958056+00:00,144.22
13,1,36.95,2026-01-23 00:26:07.778958056+00:00,36.95
13,1,44.73,2026-01-23 00:26:28.778958056+00:00,44.73
13,2,66.03,2026-01-23 00:28:03.778958056+00:00,132.06
13,1,65.55,2026-01-23 00:28:23.778958056+00:00,65.55
13,1,42.95,2026-01-23 00:29:01.778958056+00:00,42.95
13,1,92.22,2026-01-23 00:29:29.778958056+00:00,92.22
13,2,5.83,2026-01-23 00:29:58.778958056+00:00,11.66
13,2,24.51,2026-01-23 00:30:29.778958056+00:00,49.02
13,2,12.04,2026-01-23 00:31:02.778958056+00:00,24.08
13,3,46.87,2026-01-23 00:32:14.778958056+00:00,140.60999999999999
77,3,31.52,2026-01-23 01:06:50.211015826+00:00,94.56
77,1,28.86,2026-01-23 01:07:18.211015826+00:00,28.86
77,4,81.16,2026-01-23 01:08:18.211015826+00:00,324.64
77,1,23.25,2026-01-23 01:09:55.211015826+00:00,23.25
77,3,31.18,2026-01-23 01:10:42.211015826+00:00,93.53999999999999
77,2,7.36,2026-01-23 01:11:55.211015826+00:00,14.72
77,2,98.31,2026-01-23 01:13:06.211015826+00:00,196.62
77,1,50.77,2026-01-23 01:14:18.211015826+00:00,50.77
77,4,75.3,2026-01-23 01:15:13.211015826+00:00,301.2
77,3,66.33,2026-01-23 01:16:27.211015826+00:00,198.99
77,1,35.63,2026-01-23 01:18:03.211015826+00:00,35.63
336,4,82.75,2026-01-23 00:13:37.214899955+00:00,331.0
336,1,53.39,2026-01-23 00:14:33.214899955+00:00,53.39
336,1,39.55,2026-01-23 00:14:59.214899955+00:00,39.55
336,4,80.23,2026-01-23 00:16:16.214899955+00:00,320.92
336,1,30.42,2026-01-23 00:16:38.214899955+00:00,30.42
336,1,46.74,2026-01-23 00:18:16.214899955+00:00,46.74
107,2,28.97,2026-01-23 02:59:26.547944073+00:00,57.94
107,2,33.66,2026-01-23 03:00:50.547944073+00:00,67.32
107,2,95.87,2026-01-23 03:02:20.547944073+00:00,191.74
107,4,26.16,2026-01-23 03:03:02.547944073+00:00,104.64
107,1,87.19,2026-01-23 03:04:17.547944073+00:00,87.19
107,1,20.72,2026-01-23 03:05:44.547944073+00:00,20.72
107,1,65.03,2026-01-23 03:07:19.547944073+00:00,65.03
107,4,25.83,2026-01-23 03:08:30.547944073+00:00,103.32
41,2,76.1,2026-01-22 16:17:45.571945476+00:00,152.2
41,2,78.7,2026-01-22 16:19:19.571945476+00:00,157.4
41,3,92.3,2026-01-22 16:19:40.571945476+00:00,276.9
41,3,15.93,2026-01-22 16:20:13.571945476+00:00,47.79
41,1,71.54,2026-01-22 16:21:47.571945476+00:00,71.54
41,3,77.52,2026-01-22 16:23:00.571945476+00:00,232.56
41,1,36.0,2026-01-22 16:23:52.571945476+00:00,36.0
41,2,92.97,2026-01-22 16:24:14.571945476+00:00,185.94
41,3,80.39,2026-01-22 16:25:48.571945476+00:00,241.17000000000002
41,4,94.31,2026-01-22 16:27:26.571945476+00:00,377.24
41,1,53.52,2026-01-22 16:28:07.571945476+00:00,53.52
41,4,91.41,2026-01-22 16:29:19.571945476+00:00,365.64
41,1,38.47,2026-01-22 16:29:42.571945476+00:00,38.47
41,4,14.84,2026-01-22 16:30:33.571945476+00:00,59.36
234,3,53.71,2026-01-23 00:57:18.417242035+00:00,161.13
234,1,50.13,2026-01-23 00:58:12.417242035+00:00,50.13
234,3,90.78,2026-01-23 00:59:05.417242035+00:00,272.34000000000003
75,3,24.3,2026-01-22 23:23:29.466179482+00:00,72.9
75,1,74.98,2026-01-22 23:24:55.466179482+00:00,74.98
75,1,73.92,2026-01-22 23:26:14.466179482+00:00,73.92
75,3,89.17,2026-01-22 23:27:23.466179482+00:00,267.51
75,4,33.83,2026-01-22 23:28:17.466179482+00:00,135.32
75,1,29.56,2026-01-22 23:28:49.466179482+00:00,29.56
75,4,93.64,2026-01-22 23:29:50.466179482+00:00,374.56
75,2,64.05,2026-01-22 23:31:13.466179482+00:00,128.1
75,3,6.28,2026-01-22 23:32:23.466179482+00:00,18.84
98,4,98.51,2026-01-22 09:32:23.459864766+00:00,394.04
98,2,42.22,2026-01-22 09:33:18.459864766+00:00,84.44
98,1,57.88,2026-01-22 09:34:10.459864766+00:00,57.88
98,2,17.85,2026-01-22 09:35:04.459864766+00:00,35.7
69,1,21.71,2026-01-22 21:04:24.682696286+00:00,21.71
69,2,85.15,2026-01-22 21:05:48.682696286+00:00,170.3
69,2,68.87,2026-01-22 21:07:04.682696286+00:00,137.74
69,3,75.65,2026-01-22 21:07:44.682696286+00:00,226.95000000000002
69,4,7.69,2026-01-22 21:09:07.682696286+00:00,30.76
69,3,33.98,2026-01-22 21:10:22.682696286+00:00,101.94
70,1,13.52,2026-01-23 06:38:37.050842472+00:00,13.52
70,3,87.45,2026-01-23 06:40:08.050842472+00:00,262.35
70,3,39.9,2026-01-23 06:41:04.050842472+00:00,119.69999999999999
70,1,79.76,2026-01-23 06:41:50.050842472+00:00,79.76
70,3,31.06,2026-01-23 06:43:11.050842472+00:00,93.17999999999999
70,2,91.69,2026-01-23 06:43:48.050842472+00:00,183.38
70,3,87.68,2026-01-23 06:44:55.050842472+00:00,263.04
70,4,71.26,2026-01-23 06:45:36.050842472+00:00,285.04
70,3,99.56,2026-01-23 06:46:47.050842472+00:00,298.68
70,3,54.57,2026-01-23 06:47:46.050842472+00:00,163.71
211,1,66.99,2026-01-22 19:31:28.397676333+00:00,66.99
211,2,77.04,2026-01-22 19:32:48.397676333+00:00,154.08
211,4,55.26,2026-01-22 19:34:18.397676333+00:00,221.04
211,3,71.44,2026-01-22 19:34:58.397676333+00:00,214.32
211,2,12.22,2026-01-22 19:35:30.397676333+00:00,24.44
211,2,58.66,2026-01-22 19:36:39.397676333+00:00,117.32
211,1,78.89,2026-01-22 19:37:52.397676333+00:00,78.89
211,2,54.32,2026-01-22 19:39:19.397676333+00:00,108.64
211,2,91.97,2026-01-22 19:40:36.397676333+00:00,183.94
211,2,37.62,2026-01-22 19:41:05.397676333+00:00,75.24
211,1,27.61,2026-01-22 19:42:18.397676333+00:00,27.61
211,4,91.23,2026-01-22 19:43:51.397676333+00:00,364.92
211,2,42.07,2026-01-22 19:45:12.397676333+00:00,84.14
211,2,61.82,2026-01-22 19:45:57.397676333+00:00,123.64
39,1,49.87,2026-01-22 15:26:20.520662942+00:00,49.87
39,3,36.85,2026-01-22 15:27:46.520662942+00:00,110.55000000000001
39,3,61.87,2026-01-22 15:28:26.520662942+00:00,185.60999999999999
39,2,61.5,2026-01-22 15:30:02.520662942+00:00,123.0
39,4,67.01,2026-01-22 15:30:48.520662942+00:00,268.04
39,2,95.58,2026-01-22 15:32:16.520662942+00:00,191.16
39,4,62.8,2026-01-22 15:32:50.520662942+00:00,251.2
39,2,11.42,2026-01-22 15:34:13.520662942+00:00,22.84
39,3,50.52,2026-01-22 15:35:28.520662942+00:00,151.56
39,2,69.39,2026-01-22 15:36:59.520662942+00:00,138.78
39,3,73.84,2026-01-22 15:37:52.520662942+00:00,221.52
39,1,70.7,2026-01-22 15:38:57.520662942+00:00,70.7
39,3,61.45,2026-01-22 15:39:55.520662942+00:00,184.35000000000002
39,1,24.53,2026-01-22 15:41:29.520662942+00:00,24.53
339,1,21.01,2026-01-23 06:53:36.850322109+00:00,21.01
339,1,29.59,2026-01-23 06:54:12.850322109+00:00,29.59
339,3,68.86,2026-01-23 06:55:48.850322109+00:00,206.57999999999998
339,1,26.32,2026-01-23 06:56:18.850322109+00:00,26.32
339,2,31.56,2026-01-23 06:57:10.850322109+00:00,63.12
339,3,75.93,2026-01-23 06:57:55.850322109+00:00,227.79000000000002
339,3,67.91,2026-01-23 06:58:23.850322109+00:00,203.73
339,3,47.58,2026-01-23 06:59:11.850322109+00:00,142.74
339,3,71.88,2026-01-23 07:00:37.850322109+00:00,215.64
339,4,30.05,2026-01-23 07:01:15.850322109+00:00,120.2
245,3,51.51,2026-01-22 19:53:37.212778050+00:00,154.53
245,2,80.75,2026-01-22 19:54:03.212778050+00:00,161.5
245,3,70.31,2026-01-22 19:55:38.212778050+00:00,210.93
245,2,50.75,2026-01-22 19:56:49.212778050+00:00,101.5
245,2,90.63,2026-01-22 19:57:31.212778050+00:00,181.26
245,3,47.94,2026-01-22 19:58:55.212778050+00:00,143.82
245,2,97.13,2026-01-22 19:59:49.212778050+00:00,194.26
245,4,21.56,2026-01-22 20:00:39.212778050+00:00,86.24
245,3,65.08,2026-01-22 20:01:41.212778050+00:00,195.24
245,4,78.9,2026-01-22 20:02:17.212778050+00:00,315.6
245,3,85.01,2026-01-22 20:03:23.212778050+00:00,255.03000000000003
245,3,6.93,2026-01-22 20:04:15.212778050+00:00,20.79
381,1,17.28,2026-01-22 11:27:04.444435644+00:00,17.28
381,4,26.13,2026-01-22 11:27:58.444435644+00:00,104.52
381,4,55.75,2026-01-22 11:29:26.444435644+00:00,223.0
381,1,21.73,2026-01-22 11:31:03.444435644+00:00,21.73
381,1,15.12,2026-01-22 11:32:08.444435644+00:00,15.12
381,1,80.68,2026-01-22 11:32:52.444435644+00:00,80.68
381,1,55.54,2026-01-22 11:33:48.444435644+00:00,55.54
332,3,49.13,2026-01-22 13:56:19.000163431+00:00,147.39000000000001
332,1,42.33,2026-01-22 13:57:35.000163431+00:00,42.33
332,4,16.36,2026-01-22 13:58:33.000163431+00:00,65.44
332,3,38.22,2026-01-22 13:59:30.000163431+00:00,114.66
332,2,99.94,2026-01-22 14:00:04.000163431+00:00,199.88
332,1,23.64,2026-01-22 14:01:11.000163431+00:00,23.64
332,3,17.19,2026-01-22 14:02:22.000163431+00:00,51.57000000000001
332,4,29.56,2026-01-22 14:03:31.000163431+00:00,118.24
332,3,67.33,2026-01-22 14:03:55.000163431+00:00,201.99
289,2,46.39,2026-01-22 19:00:34.722876482+00:00,92.78
289,4,79.87,2026-01-22 19:01:04.722876482+00:00,319.48
289,4,29.27,2026-01-22 19:02:02.722876482+00:00,117.08
289,1,30.13,2026-01-22 19:03:34.722876482+00:00,30.13
289,4,12.47,2026-01-22 19:04:06.722876482+00:00,49.88
289,2,24.22,2026-01-22 19:04:33.722876482+00:00,48.44
289,1,45.71,2026-01-22 19:05:38.722876482+00:00,45.71
289,2,94.46,2026-01-22 19:06:09.722876482+00:00,188.92
289,4,97.5,2026-01-22 19:07:40.722876482+00:00,390.0
289,4,37.79,2026-01-22 19:08:57.722876482+00:00,151.16
289,3,76.78,2026-01-22 19:10:29.722876482+00:00,230.34
71,4,77.28,2026-01-22 20:33:28.832820641+00:00,309.12
71,1,45.18,2026-01-22 20:34:17.832820641+00:00,45.18
71,1,41.55,2026-01-22 20:34:58.832820641+00:00,41.55
71,4,37.07,2026-01-22 20:36:36.832820641+00:00,148.28
71,1,61.01,2026-01-22 20:37:12.832820641+00:00,61.01
71,3,74.0,2026-01-22 20:37:58.832820641+00:00,222.0
71,2,62.64,2026-01-22 20:39:15.832820641+00:00,125.28
71,1,87.6,2026-01-22 20:39:41.832820641+00:00,87.6
291,4,86.9,2026-01-23 00:37:09.470046756+00:00,347.6
291,4,34.04,2026-01-23 00:38:14.470046756+00:00,136.16
291,1,96.32,2026-01-23 00:39:09.470046756+00:00,96.32
291,4,17.43,2026-01-23 00:40:11.470046756+00:00,69.72
291,4,95.49,2026-01-23 00:41:46.470046756+00:00,381.96
291,4,28.82,2026-01-23 00:43:08.470046756+00:00,115.28
291,2,98.32,2026-01-23 00:44:00.470046756+00:00,196.64
291,4,62.9,2026-01-23 00:44:22.470046756+00:00,251.6
291,4,74.86,2026-01-23 00:45:04.470046756+00:00,299.44
291,1,92.78,2026-01-23 00:45:58.470046756+00:00,92.78
291,1,32.27,2026-01-23 00:46:26.470046756+00:00,32.27
219,2,71.31,2026-01-22 08:54:39.694930059+00:00,142.62
30,4,75.35,2026-01-22 16:48:31.174438073+00:00,301.4
30,3,42.38,2026-01-22 16:49:10.174438073+00:00,127.14000000000001
30,1,5.35,2026-01-22 16:50:14.174438073+00:00,5.35
30,3,39.87,2026-01-22 16:51:35.174438073+00:00,119.60999999999999
30,1,65.63,2026-01-22 16:52:31.174438073+00:00,65.63
30,2,92.48,2026-01-22 16:54:07.174438073+00:00,184.96
30,1,34.54,2026-01-22 16:55:03.174438073+00:00,34.54
30,3,63.89,2026-01-22 16:56:38.174438073+00:00,191.67000000000002
30,3,96.79,2026-01-22 16:58:07.174438073+00:00,290.37
36,1,20.76,2026-01-23 06:22:48.098150015+00:00,20.76
36,3,67.25,2026-01-23 06:23:37.098150015+00:00,201.75
36,2,16.09,2026-01-23 06:24:42.098150015+00:00,32.18
36,2,81.25,2026-01-23 06:25:51.098150015+00:00,162.5
36,1,84.31,2026-01-23 06:27:26.098150015+00:00,84.31
93,1,16.44,2026-01-23 03:53:34.559964731+00:00,16.44
93,1,9.82,2026-01-23 03:54:49.559964731+00:00,9.82
93,1,92.17,2026-01-23 03:55:31.559964731+00:00,92.17
93,1,38.69,2026-01-23 03:56:16.559964731+00:00,38.69
93,2,38.19,2026-01-23 03:56:52.559964731+00:00,76.38
93,4,60.04,2026-01-23 03:57:47.559964731+00:00,240.16
93,3,90.43,2026-01-23 03:58:40.559964731+00:00,271.29
93,4,47.93,2026-01-23 03:59:31.559964731+00:00,191.72
93,3,56.55,2026-01-23 04:01:08.559964731+00:00,169.64999999999998
93,1,29.49,2026-01-23 04:01:42.559964731+00:00,29.49
93,1,81.6,2026-01-23 04:02:02.559964731+00:00,81.6
93,1,31.62,2026-01-23 04:03:31.559964731+00:00,31.62
93,4,77.68,2026-01-23 04:04:16.559964731+00:00,310.72
93,2,75.68,2026-01-23 04:05:05.559964731+00:00,151.36
226,1,85.58,2026-01-22 17:55:15.647095571+00:00,85.58
226,4,39.44,2026-01-22 17:56:30.647095571+00:00,157.76
200,2,19.19,2026-01-22 16:36:52.155655772+00:00,38.38
231,4,63.95,2026-01-22 20:03:07.316254375+00:00,255.8
231,3,91.57,2026-01-22 20:04:12.316254375+00:00,274.71
231,1,35.99,2026-01-22 20:04:33.316254375+00:00,35.99
231,2,19.86,2026-01-22 20:05:18.316254375+00:00,39.72
231,2,58.23,2026-01-22 20:05:56.316254375+00:00,116.46
231,4,6.02,2026-01-22 20:06:58.316254375+00:00,24.08
342,2,44.43,2026-01-22 11:51:11.669226218+00:00,88.86
342,4,45.23,2026-01-22 11:51:34.669226218+00:00,180.92
342,4,65.21,2026-01-22 11:51:54.669226218+00:00,260.84
342,1,7.36,2026-01-22 11:52:45.669226218+00:00,7.36
342,1,55.6,2026-01-22 11:53:10.669226218+00:00,55.6
342,1,73.38,2026-01-22 11:53:45.669226218+00:00,73.38
342,1,64.43,2026-01-22 11:55:21.669226218+00:00,64.43
342,2,74.37,2026-01-22 11:55:56.669226218+00:00,148.74
342,2,34.76,2026-01-22 11:56:39.669226218+00:00,69.52
342,3,91.06,2026-01-22 11:57:07.669226218+00:00,273.18
342,2,47.12,2026-01-22 11:58:25.669226218+00:00,94.24
398,4,58.95,2026-01-22 08:37:37.343010560+00:00,235.8
398,4,35.06,2026-01-22 08:38:46.343010560+00:00,140.24
398,2,43.21,2026-01-22 08:39:08.343010560+00:00,86.42
398,3,63.23,2026-01-22 08:39:32.343010560+00:00,189.69
398,4,67.22,2026-01-22 08:40:53.343010560+00:00,268.88
398,1,41.39,2026-01-22 08:42:27.343010560+00:00,41.39
138,1,30.65,2026-01-22 07:20:59.983102700+00:00,30.65
138,4,74.66,2026-01-22 07:21:28.983102700+00:00,298.64
138,3,89.19,2026-01-22 07:22:36.983102700+00:00,267.57
138,3,57.87,2026-01-22 07:23:30.983102700+00:00,173.60999999999999
138,1,87.5,2026-01-22 07:24:30.983102700+00:00,87.5
138,4,45.87,2026-01-22 07:25:44.983102700+00:00,183.48
138,1,25.1,2026-01-22 07:26:45.983102700+00:00,25.1
138,3,25.04,2026-01-22 07:27:24.983102700+00:00,75.12
138,2,77.62,2026-01-22 07:27:59.983102700+00:00,155.24
138,4,54.64,2026-01-22 07:28:43.983102700+00:00,218.56
138,4,10.34,2026-01-22 07:30:05.983102700+00:00,41.36
138,4,24.74,2026-01-22 07:31:01.983102700+00:00,98.96
395,2,86.84,2026-01-23 05:14:08.010600958+00:00,173.68
395,3,92.26,2026-01-23 05:15:18.010600958+00:00,276.78000000000003
395,3,75.08,2026-01-23 05:16:09.010600958+00:00,225.24
395,2,59.87,2026-01-23 05:17:44.010600958+00:00,119.74
395,2,45.31,2026-01-23 05:18:10.010600958+00:00,90.62
395,3,8.05,2026-01-23 05:19:01.010600958+00:00,24.150000000000002
395,2,49.53,2026-01-23 05:20:05.010600958+00:00,99.06
395,2,50.56,2026-01-23 05:20:50.010600958+00:00,101.12
290,3,72.13,2026-01-23 01:57:07.058623524+00:00,216.39
290,3,24.69,2026-01-23 01:58:32.058623524+00:00,74.07000000000001
290,1,36.27,2026-01-23 01:58:58.058623524+00:00,36.27
290,4,89.89,2026-01-23 01:59:41.058623524+00:00,359.56
290,3,25.65,2026-01-23 02:00:59.058623524+00:00,76.94999999999999
290,2,51.2,2026-01-23 02:02:15.058623524+00:00,102.4
290,1,66.82,2026-01-23 02:03:31.058623524+00:00,66.82
290,2,99.94,2026-01-23 02:04:55.058623524+00:00,199.88
290,1,27.02,2026-01-23 02:06:34.058623524+00:00,27.02
290,4,36.26,2026-01-23 02:08:11.058623524+00:00,145.04
100,3,60.45,2026-01-23 06:34:31.970964987+00:00,181.35000000000002
100,3,42.1,2026-01-23 06:35:32.970964987+00:00,126.30000000000001
100,2,12.48,2026-01-23 06:36:58.970964987+00:00,24.96
100,4,76.64,2026-01-23 06:37:56.970964987+00:00,306.56
100,4,61.47,2026-01-23 06:38:35.970964987+00:00,245.88
230,2,72.57,2026-01-22 20:50:22.885525196+00:00,145.14
230,1,20.39,2026-01-22 20:51:16.885525196+00:00,20.39
230,3,32.8,2026-01-22 20:52:50.885525196+00:00,98.39999999999999
230,4,69.33,2026-01-22 20:53:37.885525196+00:00,277.32
230,2,59.46,2026-01-22 20:54:56.885525196+00:00,118.92
230,4,53.17,2026-01-22 20:55:53.885525196+00:00,212.68
230,3,15.79,2026-01-22 20:56:34.885525196+00:00,47.37
230,4,45.71,2026-01-22 20:57:23.885525196+00:00,182.84
230,1,78.6,2026-01-22 20:58:21.885525196+00:00,78.6
230,3,16.93,2026-01-22 20:59:38.885525196+00:00,50.79
230,3,8.54,2026-01-22 21:00:17.885525196+00:00,25.619999999999997
230,3,33.59,2026-01-22 21:01:28.885525196+00:00,100.77000000000001
230,2,46.73,2026-01-22 21:02:45.885525196+00:00,93.46
230,2,33.73,2026-01-22 21:03:44.885525196+00:00,67.46
56,3,8.21,2026-01-22 13:56:17.680735150+00:00,24.630000000000003
56,3,50.05,2026-01-22 13:57:07.680735150+00:00,150.14999999999998
56,2,55.74,2026-01-22 13:58:03.680735150+00:00,111.48
56,3,79.31,2026-01-22 13:59:05.680735150+00:00,237.93
56,3,52.16,2026-01-22 13:59:36.680735150+00:00,156.48
350,1,60.98,2026-01-22 09:14:29.085412718+00:00,60.98
350,3,11.79,2026-01-22 09:15:04.085412718+00:00,35.37
350,1,64.87,2026-01-22 09:15:31.085412718+00:00,64.87
198,2,23.9,2026-01-22 11:34:00.407130201+00:00,47.8
388,3,63.05,2026-01-22 14:08:28.784797714+00:00,189.14999999999998
388,3,43.22,2026-01-22 14:09:29.784797714+00:00,129.66
388,2,66.63,2026-01-22 14:10:08.784797714+00:00,133.26
388,4,18.89,2026-01-22 14:11:29.784797714+00:00,75.56
388,4,94.55,2026-01-22 14:12:53.784797714+00:00,378.2
388,4,81.34,2026-01-22 14:13:31.784797714+00:00,325.36
388,1,38.29,2026-01-22 14:14:50.784797714+00:00,38.29
48,3,52.76,2026-01-22 18:56:49.219584936+00:00,158.28
48,4,15.7,2026-01-22 18:57:10.219584936+00:00,62.8
48,2,45.32,2026-01-22 18:57:55.219584936+00:00,90.64
48,1,12.55,2026-01-22 18:58:53.219584936+00:00,12.55
48,4,21.81,2026-01-22 19:00:27.219584936+00:00,87.24
48,2,92.57,2026-01-22 19:01:40.219584936+00:00,185.14
48,1,22.45,2026-01-22 19:02:58.219584936+00:00,22.45
48,1,99.83,2026-01-22 19:03:49.219584936+00:00,99.83
48,1,80.34,2026-01-22 19:05:05.219584936+00:00,80.34
48,3,41.97,2026-01-22 19:05:54.219584936+00:00,125.91
48,4,15.85,2026-01-22 19:07:30.219584936+00:00,63.4
254,3,91.8,2026-01-22 12:59:17.283382133+00:00,275.4
254,3,8.37,2026-01-22 13:00:32.283382133+00:00,25.11
254,3,63.17,2026-01-22 13:02:01.283382133+00:00,189.51
254,4,16.86,2026-01-22 13:03:04.283382133+00:00,67.44
254,3,58.03,2026-01-22 13:04:04.283382133+00:00,174.09
254,3,78.81,2026-01-22 13:05:18.283382133+00:00,236.43
254,4,60.25,2026-01-22 13:06:13.283382133+00:00,241.0
254,1,68.8,2026-01-22 13:07:20.283382133+00:00,68.8
254,4,64.76,2026-01-22 13:08:37.283382133+00:00,259.04
254,1,10.38,2026-01-22 13:09:41.283382133+00:00,10.38
89,3,77.28,2026-01-22 14:12:09.883795548+00:00,231.84
17,4,38.1,2026-01-22 10:42:37.787257355+00:00,152.4
17,4,19.87,2026-01-22 10:43:35.787257355+00:00,79.48
17,3,34.39,2026-01-22 10:44:09.787257355+00:00,103.17
17,3,99.53,2026-01-22 10:44:38.787257355+00:00,298.59000000000003
17,2,77.36,2026-01-22 10:45:34.787257355+00:00,154.72
17,1,81.22,2026-01-22 10:47:06.787257355+00:00,81.22
17,1,49.02,2026-01-22 10:47:35.787257355+00:00,49.02
17,4,31.67,2026-01-22 10:49:08.787257355+00:00,126.68
17,2,55.55,2026-01-22 10:49:49.787257355+00:00,111.1
17,2,11.63,2026-01-22 10:50:17.787257355+00:00,23.26
287,3,35.91,2026-01-22 21:08:38.415264554+00:00,107.72999999999999
287,1,97.81,2026-01-22 21:09:46.415264554+00:00,97.81
378,2,73.11,2026-01-22 16:56:03.132873564+00:00,146.22
378,3,26.88,2026-01-22 16:56:44.132873564+00:00,80.64
378,3,70.87,2026-01-22 16:58:07.132873564+00:00,212.61
378,4,13.76,2026-01-22 16:58:46.132873564+00:00,55.04
378,2,6.51,2026-01-22 16:59:21.132873564+00:00,13.02
378,3,17.15,2026-01-22 17:00:04.132873564+00:00,51.449999999999996
378,4,64.51,2026-01-22 17:00:41.132873564+00:00,258.04
378,1,18.65,2026-01-22 17:01:36.132873564+00:00,18.65
378,4,86.83,2026-01-22 17:02:40.132873564+00:00,347.32
311,1,50.39,2026-01-22 14:40:44.153150900+00:00,50.39
311,2,86.16,2026-01-22 14:41:13.153150900+00:00,172.32
311,4,7.38,2026-01-22 14:41:37.153150900+00:00,29.52
311,3,77.19,2026-01-22 14:43:15.153150900+00:00,231.57
311,1,12.24,2026-01-22 14:44:37.153150900+00:00,12.24
311,4,11.64,2026-01-22 14:44:58.153150900+00:00,46.56
311,2,24.39,2026-01-22 14:46:14.153150900+00:00,48.78
311,1,36.24,2026-01-22 14:46:38.153150900+00:00,36.24
311,2,21.94,2026-01-22 14:47:40.153150900+00:00,43.88
311,4,24.25,2026-01-22 14:49:17.153150900+00:00,97.0
311,2,33.1,2026-01-22 14:49:46.153150900+00:00,66.2
237,4,57.34,2026-01-23 05:44:58.370397251+00:00,229.36
237,1,16.63,2026-01-23 05:45:53.370397251+00:00,16.63
237,3,64.83,2026-01-23 05:47:17.370397251+00:00,194.49
237,3,63.32,2026-01-23 05:47:50.370397251+00:00,189.96
237,1,6.81,2026-01-23 05:48:25.370397251+00:00,6.81
237,3,14.08,2026-01-23 05:49:02.370397251+00:00,42.24
237,2,40.25,2026-01-23 05:49:38.370397251+00:00,80.5
237,2,66.88,2026-01-23 05:50:18.370397251+00:00,133.76
237,1,37.32,2026-01-23 05:51:50.370397251+00:00,37.32
237,3,38.38,2026-01-23 05:53:15.370397251+00:00,115.14000000000001
237,4,90.42,2026-01-23 05:54:50.370397251+00:00,361.68
237,4,75.28,2026-01-23 05:55:17.370397251+00:00,301.12
333,3,68.49,2026-01-23 05:22:40.964234004+00:00,205.46999999999997
333,3,37.79,2026-01-23 05:23:51.964234004+00:00,113.37
333,4,89.66,2026-01-23 05:25:30.964234004+00:00,358.64
333,2,24.75,2026-01-23 05:26:16.964234004+00:00,49.5
333,2,69.15,2026-01-23 05:27:53.964234004+00:00,138.3
333,2,53.75,2026-01-23 05:29:00.964234004+00:00,107.5
333,4,78.82,2026-01-23 05:29:53.964234004+00:00,315.28
333,2,24.6,2026-01-23 05:30:40.964234004+00:00,49.2
262,3,94.3,2026-01-22 13:43:31.837448711+00:00,282.9
262,4,65.62,2026-01-22 13:44:44.837448711+00:00,262.48
262,1,80.23,2026-01-22 13:45:08.837448711+00:00,80.23
262,1,87.63,2026-01-22 13:45:44.837448711+00:00,87.63
262,3,71.66,2026-01-22 13:46:39.837448711+00:00,214.98
262,3,94.11,2026-01-22 13:47:37.837448711+00:00,282.33
262,2,91.31,2026-01-22 13:49:08.837448711+00:00,182.62
262,3,48.73,2026-01-22 13:49:55.837448711+00:00,146.19
262,4,50.76,2026-01-22 13:50:16.837448711+00:00,203.04
197,4,70.15,2026-01-22 23:37:17.013258829+00:00,280.6
197,1,19.06,2026-01-22 23:38:50.013258829+00:00,19.06
197,4,40.76,2026-01-22 23:39:55.013258829+00:00,163.04
197,3,78.74,2026-01-22 23:40:26.013258829+00:00,236.21999999999997
197,1,11.85,2026-01-22 23:41:07.013258829+00:00,11.85
197,2,41.99,2026-01-22 23:42:08.013258829+00:00,83.98
197,2,88.96,2026-01-22 23:43:21.013258829+00:00,177.92
10,2,10.09,2026-01-23 06:32:47.464927899+00:00,20.18
10,2,66.99,2026-01-23 06:33:30.464927899+00:00,133.98
10,1,95.43,2026-01-23 06:34:39.464927899+00:00,95.43
10,3,94.06,2026-01-23 06:35:19.464927899+00:00,282.18
10,3,61.05,2026-01-23 06:35:42.464927899+00:00,183.14999999999998
10,3,7.59,2026-01-23 06:36:49.464927899+00:00,22.77
10,4,61.38,2026-01-23 06:38:24.464927899+00:00,245.52
10,1,20.02,2026-01-23 06:39:36.464927899+00:00,20.02
10,2,17.35,2026-01-23 06:40:32.464927899+00:00,34.7
10,2,79.35,2026-01-23 06:41:52.464927899+00:00,158.7
10,2,57.18,2026-01-23 06:43:19.464927899+00:00,114.36
10,3,79.13,2026-01-23 06:44:14.464927899+00:00,237.39
10,3,81.83,2026-01-23 06:45:37.464927899+00:00,245.49
40,1,17.32,2026-01-22 17:04:39.287426398+00:00,17.32
101,3,88.97,2026-01-23 01:50:06.693317256+00:00,266.90999999999997
305,4,40.38,2026-01-22 21:30:38.828451825+00:00,161.52
305,4,51.21,2026-01-22 21:31:01.828451825+00:00,204.84
305,4,58.32,2026-01-22 21:32:00.828451825+00:00,233.28
305,3,91.78,2026-01-22 21:33:21.828451825+00:00,275.34000000000003
305,2,42.86,2026-01-22 21:34:32.828451825+00:00,85.72
305,1,65.79,2026-01-22 21:35:02.828451825+00:00,65.79
305,4,71.99,2026-01-22 21:35:22.828451825+00:00,287.96
305,4,68.39,2026-01-22 21:36:54.828451825+00:00,273.56
305,3,93.89,2026-01-22 21:37:14.828451825+00:00,281.67
305,1,87.25,2026-01-22 21:37:39.828451825+00:00,87.25
305,2,27.78,2026-01-22 21:38:45.828451825+00:00,55.56
305,2,33.97,2026-01-22 21:39:10.828451825+00:00,67.94
305,2,37.64,2026-01-22 21:39:34.828451825+00:00,75.28
185,3,49.24,2026-01-23 01:28:00.534676996+00:00,147.72
185,3,17.69,2026-01-23 01:28:29.534676996+00:00,53.07000000000001
185,4,33.2,2026-01-23 01:29:38.534676996+00:00,132.8
185,3,49.05,2026-01-23 01:31:16.534676996+00:00,147.14999999999998
185,3,64.02,2026-01-23 01:31:37.534676996+00:00,192.06
185,2,90.83,2026-01-23 01:32:08.534676996+00:00,181.66
185,4,70.38,2026-01-23 01:33:27.534676996+00:00,281.52
185,3,78.6,2026-01-23 01:34:18.534676996+00:00,235.79999999999998
185,1,55.97,2026-01-23 01:35:13.534676996+00:00,55.97
185,4,35.2,2026-01-23 01:36:37.534676996+00:00,140.8
185,1,45.97,2026-01-23 01:37:50.534676996+00:00,45.97
185,1,7.88,2026-01-23 01:39:04.534676996+00:00,7.88
185,3,20.0,2026-01-23 01:39:33.534676996+00:00,60.0
185,3,72.21,2026-01-23 01:40:24.534676996+00:00,216.63
324,3,33.5,2026-01-23 02:08:44.686104197+00:00,100.5
324,4,27.2,2026-01-23 02:10:06.686104197+00:00,108.8
324,1,18.62,2026-01-23 02:11:18.686104197+00:00,18.62
170,3,93.8,2026-01-23 02:24:14.724187029+00:00,281.4
170,2,95.53,2026-01-23 02:25:41.724187029+00:00,191.06
351,1,62.38,2026-01-22 11:20:38.752838268+00:00,62.38
351,2,74.82,2026-01-22 11:21:04.752838268+00:00,149.64
351,2,90.56,2026-01-22 11:22:31.752838268+00:00,181.12
351,3,94.79,2026-01-22 11:23:24.752838268+00:00,284.37
351,2,17.82,2026-01-22 11:24:36.752838268+00:00,35.64
351,1,88.35,2026-01-22 11:26:10.752838268+00:00,88.35
112,4,7.47,2026-01-23 02:19:26.741069847+00:00,29.88
112,2,12.38,2026-01-23 02:20:45.741069847+00:00,24.76
112,3,71.38,2026-01-23 02:21:11.741069847+00:00,214.14
112,1,37.15,2026-01-23 02:22:05.741069847+00:00,37.15
66,1,48.51,2026-01-22 13:45:31.655094666+00:00,48.51
66,3,54.73,2026-01-22 13:47:05.655094666+00:00,164.19
66,2,85.42,2026-01-22 13:47:58.655094666+00:00,170.84
66,2,73.48,2026-01-22 13:48:39.655094666+00:00,146.96
66,3,72.85,2026-01-22 13:49:06.655094666+00:00,218.54999999999998
66,4,29.71,2026-01-22 13:50:04.655094666+00:00,118.84
66,4,52.02,2026-01-22 13:50:53.655094666+00:00,208.08
66,1,5.49,2026-01-22 13:51:40.655094666+00:00,5.49
208,4,79.04,2026-01-22 13:52:33.579809674+00:00,316.16
208,2,66.47,2026-01-22 13:53:34.579809674+00:00,132.94
208,1,9.9,2026-01-22 13:55:07.579809674+00:00,9.9
208,2,94.0,2026-01-22 13:56:46.579809674+00:00,188.0
92,1,49.29,2026-01-22 15:08:26.955549224+00:00,49.29
92,1,42.52,2026-01-22 15:10:03.955549224+00:00,42.52
92,3,68.25,2026-01-22 15:10:34.955549224+00:00,204.75
92,4,33.14,2026-01-22 15:11:59.955549224+00:00,132.56
92,3,79.08,2026-01-22 15:13:37.955549224+00:00,237.24
92,3,92.14,2026-01-22 15:14:35.955549224+00:00,276.42
92,3,7.82,2026-01-22 15:15:14.955549224+00:00,23.46
92,4,98.67,2026-01-22 15:16:40.955549224+00:00,394.68
330,2,31.81,2026-01-23 01:36:11.077050901+00:00,63.62
330,1,24.87,2026-01-23 01:36:36.077050901+00:00,24.87
330,2,30.86,2026-01-23 01:37:02.077050901+00:00,61.72
330,4,44.31,2026-01-23 01:37:25.077050901+00:00,177.24
330,2,51.97,2026-01-23 01:37:52.077050901+00:00,103.94
330,1,10.07,2026-01-23 01:39:08.077050901+00:00,10.07
330,2,93.22,2026-01-23 01:40:07.077050901+00:00,186.44
330,1,14.03,2026-01-23 01:41:40.077050901+00:00,14.03
330,2,72.59,2026-01-23 01:42:02.077050901+00:00,145.18
330,2,42.15,2026-01-23 01:42:33.077050901+00:00,84.3
330,1,70.38,2026-01-23 01:43:08.077050901+00:00,70.38
368,3,20.26,2026-01-22 18:19:22.321575626+00:00,60.78
375,4,15.57,2026-01-23 01:39:44.877379298+00:00,62.28
375,2,51.47,2026-01-23 01:40:11.877379298+00:00,102.94
375,2,88.96,2026-01-23 01:41:38.877379298+00:00,177.92
375,1,98.89,2026-01-23 01:42:49.877379298+00:00,98.89
375,4,8.86,2026-01-23 01:43:15.877379298+00:00,35.44
375,4,68.79,2026-01-23 01:44:15.877379298+00:00,275.16
375,1,22.46,2026-01-23 01:45:37.877379298+00:00,22.46
319,3,61.38,2026-01-22 08:46:43.100545325+00:00,184.14000000000001
193,4,50.81,2026-01-22 15:17:20.006581505+00:00,203.24
193,2,42.61,2026-01-22 15:18:48.006581505+00:00,85.22
193,4,54.39,2026-01-22 15:19:33.006581505+00:00,217.56
193,1,36.04,2026-01-22 15:20:46.006581505+00:00,36.04
193,2,99.86,2026-01-22 15:22:18.006581505+00:00,199.72
193,3,93.58,2026-01-22 15:23:16.006581505+00:00,280.74
285,1,71.72,2026-01-22 17:13:33.149054663+00:00,71.72
285,2,44.25,2026-01-22 17:14:28.149054663+00:00,88.5
285,4,78.38,2026-01-22 17:15:23.149054663+00:00,313.52
285,2,45.31,2026-01-22 17:15:54.149054663+00:00,90.62
285,1,26.95,2026-01-22 17:16:56.149054663+00:00,26.95
137,1,57.23,2026-01-22 16:53:49.170716996+00:00,57.23
239,3,42.46,2026-01-22 10:17:16.686133592+00:00,127.38
239,3,19.16,2026-01-22 10:17:56.686133592+00:00,57.480000000000004
239,3,93.08,2026-01-22 10:18:39.686133592+00:00,279.24
239,1,75.76,2026-01-22 10:19:53.686133592+00:00,75.76
239,1,24.89,2026-01-22 10:20:47.686133592+00:00,24.89
239,4,25.59,2026-01-22 10:21:30.686133592+00:00,102.36
239,2,99.73,2026-01-22 10:22:23.686133592+00:00,199.46
239,4,97.09,2026-01-22 10:23:28.686133592+00:00,388.36
239,4,86.63,2026-01-22 10:24:23.686133592+00:00,346.52
239,1,7.22,2026-01-22 10:25:00.686133592+00:00,7.22
239,2,44.55,2026-01-22 10:25:53.686133592+00:00,89.1
188,2,69.37,2026-01-22 08:37:23.919703726+00:00,138.74
188,1,58.02,2026-01-22 08:38:50.919703726+00:00,58.02
188,2,94.66,2026-01-22 08:40:29.919703726+00:00,189.32
248,1,93.01,2026-01-23 01:53:20.870129175+00:00,93.01
248,3,29.59,2026-01-23 01:54:07.870129175+00:00,88.77
248,1,44.53,2026-01-23 01:55:42.870129175+00:00,44.53
248,1,72.4,2026-01-23 01:56:57.870129175+00:00,72.4
248,2,20.98,2026-01-23 01:57:42.870129175+00:00,41.96
248,1,83.94,2026-01-23 01:59:10.870129175+00:00,83.94
248,2,56.11,2026-01-23 02:00:15.870129175+00:00,112.22
248,2,8.51,2026-01-23 02:00:43.870129175+00:00,17.02
248,3,40.75,2026-01-23 02:01:05.870129175+00:00,122.25
248,4,88.53,2026-01-23 02:01:29.870129175+00:00,354.12
142,3,85.64,2026-01-22 17:58:36.603847976+00:00,256.92
142,4,96.44,2026-01-22 17:59:56.603847976+00:00,385.76
83,3,94.23,2026-01-23 03:46:22.642676247+00:00,282.69
83,1,5.07,2026-01-23 03:47:23.642676247+00:00,5.07
83,1,96.8,2026-01-23 03:48:25.642676247+00:00,96.8
83,2,18.95,2026-01-23 03:49:26.642676247+00:00,37.9
21,3,18.98,2026-01-22 18:14:17.192500892+00:00,56.94
21,3,55.14,2026-01-22 18:15:07.192500892+00:00,165.42000000000002
21,4,76.46,2026-01-22 18:15:51.192500892+00:00,305.84
21,1,28.66,2026-01-22 18:17:22.192500892+00:00,28.66
21,4,83.99,2026-01-22 18:18:24.192500892+00:00,335.96
21,4,28.64,2026-01-22 18:19:30.192500892+00:00,114.56
21,4,71.75,2026-01-22 18:21:01.192500892+00:00,287.0
21,4,30.21,2026-01-22 18:21:58.192500892+00:00,120.84
21,3,46.98,2026-01-22 18:23:11.192500892+00:00,140.94
21,4,96.39,2026-01-22 18:23:52.192500892+00:00,385.56
21,2,24.95,2026-01-22 18:25:03.192500892+00:00,49.9
21,2,54.21,2026-01-22 18:25:56.192500892+00:00,108.42
21,1,9.75,2026-01-22 18:26:30.192500892+00:00,9.75
394,1,5.74,2026-01-22 13:26:10.466336668+00:00,5.74
394,2,18.0,2026-01-22 13:27:26.466336668+00:00,36.0
394,4,5.61,2026-01-22 13:28:39.466336668+00:00,22.44
394,4,54.51,2026-01-22 13:29:53.466336668+00:00,218.04
394,4,25.96,2026-01-22 13:30:23.466336668+00:00,103.84
394,4,99.35,2026-01-22 13:31:21.466336668+00:00,397.4
394,4,39.62,2026-01-22 13:32:36.466336668+00:00,158.48
304,2,55.32,2026-01-23 04:26:33.203343593+00:00,110.64
304,2,93.25,2026-01-23 04:26:54.203343593+00:00,186.5
304,2,66.5,2026-01-23 04:27:58.203343593+00:00,133.0
304,2,70.75,2026-01-23 04:28:37.203343593+00:00,141.5
304,3,56.36,2026-01-23 04:30:11.203343593+00:00,169.07999999999998
304,4,14.56,2026-01-23 04:31:02.203343593+00:00,58.24
304,4,5.78,2026-01-23 04:32:05.203343593+00:00,23.12
304,2,81.19,2026-01-23 04:33:19.203343593+00:00,162.38
304,4,26.03,2026-01-23 04:33:59.203343593+00:00,104.12
304,3,76.52,2026-01-23 04:34:26.203343593+00:00,229.56
304,1,29.45,2026-01-23 04:35:09.203343593+00:00,29.45
304,1,58.67,2026-01-23 04:36:29.203343593+00:00,58.67
168,2,32.15,2026-01-22 16:16:23.678535836+00:00,64.3
168,2,86.21,2026-01-22 16:17:54.678535836+00:00,172.42
168,2,38.67,2026-01-22 16:18:46.678535836+00:00,77.34
168,3,35.86,2026-01-22 16:19:41.678535836+00:00,107.58
168,4,49.88,2026-01-22 16:20:54.678535836+00:00,199.52
168,3,73.76,2026-01-22 16:21:47.678535836+00:00,221.28000000000003
168,2,8.55,2026-01-22 16:22:42.678535836+00:00,17.1
168,4,78.84,2026-01-22 16:23:03.678535836+00:00,315.36
168,4,16.26,2026-01-22 16:23:43.678535836+00:00,65.04
168,1,15.08,2026-01-22 16:25:08.678535836+00:00,15.08
168,2,98.91,2026-01-22 16:26:39.678535836+00:00,197.82
400,2,77.29,2026-01-22 23:38:35.076367607+00:00,154.58
400,3,74.96,2026-01-22 23:39:15.076367607+00:00,224.88
400,4,44.82,2026-01-22 23:40:04.076367607+00:00,179.28
400,1,93.71,2026-01-22 23:41:29.076367607+00:00,93.71
128,3,13.58,2026-01-22 18:04:23.708124455+00:00,40.74
128,1,77.05,2026-01-22 18:05:36.708124455+00:00,77.05
128,1,36.79,2026-01-22 18:06:55.708124455+00:00,36.79
128,3,30.33,2026-01-22 18:07:55.708124455+00:00,90.99
128,2,5.09,2026-01-22 18:08:22.708124455+00:00,10.18
128,3,95.09,2026-01-22 18:09:47.708124455+00:00,285.27
22,3,92.76,2026-01-22 11:36:48.583145837+00:00,278.28000000000003
123,1,51.53,2026-01-23 04:50:44.225127670+00:00,51.53
123,3,50.36,2026-01-23 04:51:16.225127670+00:00,151.07999999999998
123,4,56.31,2026-01-23 04:52:52.225127670+00:00,225.24
123,2,11.54,2026-01-23 04:54:26.225127670+00:00,23.08
123,3,83.49,2026-01-23 04:55:00.225127670+00:00,250.46999999999997
123,4,83.67,2026-01-23 04:56:29.225127670+00:00,334.68
103,3,80.13,2026-01-22 13:38:00.162708956+00:00,240.39
103,4,17.52,2026-01-22 13:38:25.162708956+00:00,70.08
103,2,59.23,2026-01-22 13:39:47.162708956+00:00,118.46
103,3,53.81,2026-01-22 13:41:07.162708956+00:00,161.43
103,4,55.73,2026-01-22 13:41:58.162708956+00:00,222.92
103,2,96.3,2026-01-22 13:43:07.162708956+00:00,192.6
103,1,63.56,2026-01-22 13:44:40.162708956+00:00,63.56
103,1,10.84,2026-01-22 13:46:04.162708956+00:00,10.84
103,2,37.77,2026-01-22 13:46:38.162708956+00:00,75.54
391,3,82.86,2026-01-23 04:57:53.953007883+00:00,248.57999999999998
391,3,31.3,2026-01-23 04:58:26.953007883+00:00,93.9
391,1,36.33,2026-01-23 05:00:04.953007883+00:00,36.33
391,3,37.25,2026-01-23 05:00:44.953007883+00:00,111.75
391,4,90.26,2026-01-23 05:02:01.953007883+00:00,361.04
391,2,83.46,2026-01-23 05:03:04.953007883+00:00,166.92
391,4,44.54,2026-01-23 05:03:36.953007883+00:00,178.16
391,1,88.01,2026-01-23 05:04:55.953007883+00:00,88.01
391,4,89.43,2026-01-23 05:06:33.953007883+00:00,357.72
195,2,61.94,2026-01-22 22:26:49.534321965+00:00,123.88
195,2,27.4,2026-01-22 22:27:13.534321965+00:00,54.8
195,2,88.7,2026-01-22 22:27:53.534321965+00:00,177.4
195,2,11.1,2026-01-22 22:29:08.534321965+00:00,22.2
195,1,69.15,2026-01-22 22:29:53.534321965+00:00,69.15
195,2,88.71,2026-01-22 22:30:16.534321965+00:00,177.42
195,2,13.29,2026-01-22 22:31:08.534321965+00:00,26.58
195,4,80.83,2026-01-22 22:32:43.534321965+00:00,323.32
195,1,95.4,2026-01-22 22:33:29.534321965+00:00,95.4
